-- phpMyAdmin SQL Dump
-- version 4.1.14
-- http://www.phpmyadmin.net
--
-- Host: 127.0.0.1
-- Generation Time: Dec 15, 2015 at 12:04 PM
-- Server version: 5.6.17
-- PHP Version: 5.5.12

SET SQL_MODE = "NO_AUTO_VALUE_ON_ZERO";
SET time_zone = "+00:00";


/*!40101 SET @OLD_CHARACTER_SET_CLIENT=@@CHARACTER_SET_CLIENT */;
/*!40101 SET @OLD_CHARACTER_SET_RESULTS=@@CHARACTER_SET_RESULTS */;
/*!40101 SET @OLD_COLLATION_CONNECTION=@@COLLATION_CONNECTION */;
/*!40101 SET NAMES utf8 */;

--
-- Database: `payroll`
--

-- --------------------------------------------------------

--
-- Table structure for table `adds`
--

CREATE TABLE IF NOT EXISTS `adds` (
  `id` int(11) NOT NULL AUTO_INCREMENT,
  `temp_playslip_id` int(11) DEFAULT NULL,
  `label` varchar(255) DEFAULT NULL,
  `values` varchar(45) DEFAULT NULL,
  PRIMARY KEY (`id`),
  KEY `temp_payslip_id_idx` (`temp_playslip_id`)
) ENGINE=InnoDB DEFAULT CHARSET=utf8 AUTO_INCREMENT=1 ;

-- --------------------------------------------------------

--
-- Table structure for table `add_ons`
--

CREATE TABLE IF NOT EXISTS `add_ons` (
  `id` int(11) NOT NULL AUTO_INCREMENT,
  `label` varchar(255) DEFAULT NULL,
  `value` varchar(255) DEFAULT NULL,
  `description` varchar(45) DEFAULT NULL,
  PRIMARY KEY (`id`)
) ENGINE=InnoDB  DEFAULT CHARSET=utf8 AUTO_INCREMENT=5 ;

--
-- Dumping data for table `add_ons`
--

INSERT INTO `add_ons` (`id`, `label`, `value`, `description`) VALUES
(1, 'SIL', NULL, NULL),
(2, 'Salary Adjustment', NULL, ''),
(3, 'Allowance', NULL, '75 per day'),
(4, 'PPE Deposit Refund', NULL, NULL);

-- --------------------------------------------------------

--
-- Table structure for table `add_ons_total`
--

CREATE TABLE IF NOT EXISTS `add_ons_total` (
  `id` int(11) NOT NULL AUTO_INCREMENT,
  `emp_id` int(11) DEFAULT NULL,
  `temp_payslip_id` int(11) DEFAULT NULL,
  `add_ons_id` int(11) DEFAULT NULL,
  `value` int(11) NOT NULL,
  `date_start` datetime NOT NULL,
  `date_end` datetime NOT NULL,
  PRIMARY KEY (`id`)
) ENGINE=InnoDB  DEFAULT CHARSET=latin1 AUTO_INCREMENT=193 ;

--
-- Dumping data for table `add_ons_total`
--

INSERT INTO `add_ons_total` (`id`, `emp_id`, `temp_payslip_id`, `add_ons_id`, `value`, `date_start`, `date_end`) VALUES
(1, 6, 1, 0, 0, '2015-11-15 00:00:00', '2015-11-16 00:00:00'),
(2, 6, 1, 1, 0, '2015-11-15 00:00:00', '2015-11-16 00:00:00'),
(3, 6, 1, 2, 0, '2015-11-15 00:00:00', '2015-11-16 00:00:00'),
(4, 6, 1, 3, 0, '2015-11-15 00:00:00', '2015-11-16 00:00:00'),
(5, 3, 1, 0, 0, '2015-11-15 00:00:00', '2015-11-16 00:00:00'),
(6, 3, 1, 1, 0, '2015-11-15 00:00:00', '2015-11-16 00:00:00'),
(7, 3, 1, 2, 0, '2015-11-15 00:00:00', '2015-11-16 00:00:00'),
(8, 3, 1, 3, 0, '2015-11-15 00:00:00', '2015-11-16 00:00:00'),
(9, 7, 1, 0, 0, '1970-01-01 01:00:00', '1970-01-01 01:00:00'),
(10, 7, 1, 1, 0, '1970-01-01 01:00:00', '1970-01-01 01:00:00'),
(11, 7, 1, 2, 0, '1970-01-01 01:00:00', '1970-01-01 01:00:00'),
(12, 7, 1, 3, 0, '1970-01-01 01:00:00', '1970-01-01 01:00:00'),
(13, 7, 1, 0, 0, '1970-01-01 01:00:00', '1970-01-01 01:00:00'),
(14, 7, 1, 1, 0, '1970-01-01 01:00:00', '1970-01-01 01:00:00'),
(15, 7, 1, 2, 0, '1970-01-01 01:00:00', '1970-01-01 01:00:00'),
(16, 7, 1, 3, 0, '1970-01-01 01:00:00', '1970-01-01 01:00:00'),
(17, 7, 1, 0, 0, '1970-01-01 01:00:00', '1970-01-01 01:00:00'),
(18, 7, 1, 1, 0, '1970-01-01 01:00:00', '1970-01-01 01:00:00'),
(19, 7, 1, 2, 0, '1970-01-01 01:00:00', '1970-01-01 01:00:00'),
(20, 7, 1, 3, 0, '1970-01-01 01:00:00', '1970-01-01 01:00:00'),
(21, 7, 1, 0, 0, '1970-01-01 01:00:00', '1970-01-01 01:00:00'),
(22, 7, 1, 1, 0, '1970-01-01 01:00:00', '1970-01-01 01:00:00'),
(23, 7, 1, 2, 0, '1970-01-01 01:00:00', '1970-01-01 01:00:00'),
(24, 7, 1, 3, 0, '1970-01-01 01:00:00', '1970-01-01 01:00:00'),
(25, 7, 1, 0, 0, '1970-01-01 01:00:00', '1970-01-01 01:00:00'),
(26, 7, 1, 1, 0, '1970-01-01 01:00:00', '1970-01-01 01:00:00'),
(27, 7, 1, 2, 0, '1970-01-01 01:00:00', '1970-01-01 01:00:00'),
(28, 7, 1, 3, 0, '1970-01-01 01:00:00', '1970-01-01 01:00:00'),
(29, 3, 1, 0, 0, '1970-01-01 01:00:00', '1970-01-01 01:00:00'),
(30, 3, 1, 1, 0, '1970-01-01 01:00:00', '1970-01-01 01:00:00'),
(31, 3, 1, 2, 0, '1970-01-01 01:00:00', '1970-01-01 01:00:00'),
(32, 3, 1, 3, 0, '1970-01-01 01:00:00', '1970-01-01 01:00:00'),
(33, 3, 1, 0, 0, '1970-01-01 01:00:00', '1970-01-01 01:00:00'),
(34, 3, 1, 1, 0, '1970-01-01 01:00:00', '1970-01-01 01:00:00'),
(35, 3, 1, 2, 0, '1970-01-01 01:00:00', '1970-01-01 01:00:00'),
(36, 3, 1, 3, 0, '1970-01-01 01:00:00', '1970-01-01 01:00:00'),
(37, 3, 1, 0, 0, '1970-01-01 01:00:00', '1970-01-01 01:00:00'),
(38, 3, 1, 1, 0, '1970-01-01 01:00:00', '1970-01-01 01:00:00'),
(39, 3, 1, 2, 0, '1970-01-01 01:00:00', '1970-01-01 01:00:00'),
(40, 3, 1, 3, 0, '1970-01-01 01:00:00', '1970-01-01 01:00:00'),
(41, 3, 1, 0, 0, '1970-01-01 01:00:00', '1970-01-01 01:00:00'),
(42, 3, 1, 1, 0, '1970-01-01 01:00:00', '1970-01-01 01:00:00'),
(43, 3, 1, 2, 0, '1970-01-01 01:00:00', '1970-01-01 01:00:00'),
(44, 3, 1, 3, 0, '1970-01-01 01:00:00', '1970-01-01 01:00:00'),
(45, 3, 1, 0, 0, '1970-01-01 01:00:00', '1970-01-01 01:00:00'),
(46, 3, 1, 1, 0, '1970-01-01 01:00:00', '1970-01-01 01:00:00'),
(47, 3, 1, 2, 0, '1970-01-01 01:00:00', '1970-01-01 01:00:00'),
(48, 3, 1, 3, 0, '1970-01-01 01:00:00', '1970-01-01 01:00:00'),
(49, 3, 1, 0, 0, '1970-01-01 01:00:00', '1970-01-01 01:00:00'),
(50, 3, 1, 1, 0, '1970-01-01 01:00:00', '1970-01-01 01:00:00'),
(51, 3, 1, 2, 0, '1970-01-01 01:00:00', '1970-01-01 01:00:00'),
(52, 3, 1, 3, 0, '1970-01-01 01:00:00', '1970-01-01 01:00:00'),
(53, 3, 1, 0, 0, '1970-01-01 01:00:00', '1970-01-01 01:00:00'),
(54, 3, 1, 1, 0, '1970-01-01 01:00:00', '1970-01-01 01:00:00'),
(55, 3, 1, 2, 0, '1970-01-01 01:00:00', '1970-01-01 01:00:00'),
(56, 3, 1, 3, 0, '1970-01-01 01:00:00', '1970-01-01 01:00:00'),
(57, 3, 1, 0, 0, '1970-01-01 01:00:00', '1970-01-01 01:00:00'),
(58, 3, 1, 1, 0, '1970-01-01 01:00:00', '1970-01-01 01:00:00'),
(59, 3, 1, 2, 0, '1970-01-01 01:00:00', '1970-01-01 01:00:00'),
(60, 3, 1, 3, 0, '1970-01-01 01:00:00', '1970-01-01 01:00:00'),
(61, 3, 1, 0, 0, '1970-01-01 01:00:00', '1970-01-01 01:00:00'),
(62, 3, 1, 1, 0, '1970-01-01 01:00:00', '1970-01-01 01:00:00'),
(63, 3, 1, 2, 0, '1970-01-01 01:00:00', '1970-01-01 01:00:00'),
(64, 3, 1, 3, 0, '1970-01-01 01:00:00', '1970-01-01 01:00:00'),
(65, 3, 1, 0, 0, '1970-01-01 01:00:00', '1970-01-01 01:00:00'),
(66, 3, 1, 1, 0, '1970-01-01 01:00:00', '1970-01-01 01:00:00'),
(67, 3, 1, 2, 0, '1970-01-01 01:00:00', '1970-01-01 01:00:00'),
(68, 3, 1, 3, 0, '1970-01-01 01:00:00', '1970-01-01 01:00:00'),
(69, 3, 1, 0, 0, '1970-01-01 01:00:00', '1970-01-01 01:00:00'),
(70, 3, 1, 1, 0, '1970-01-01 01:00:00', '1970-01-01 01:00:00'),
(71, 3, 1, 2, 0, '1970-01-01 01:00:00', '1970-01-01 01:00:00'),
(72, 3, 1, 3, 0, '1970-01-01 01:00:00', '1970-01-01 01:00:00'),
(73, 3, 1, 0, 0, '1970-01-01 01:00:00', '1970-01-01 01:00:00'),
(74, 3, 1, 1, 0, '1970-01-01 01:00:00', '1970-01-01 01:00:00'),
(75, 3, 1, 2, 0, '1970-01-01 01:00:00', '1970-01-01 01:00:00'),
(76, 3, 1, 3, 0, '1970-01-01 01:00:00', '1970-01-01 01:00:00'),
(77, 3, 1, 0, 0, '1970-01-01 01:00:00', '1970-01-01 01:00:00'),
(78, 3, 1, 1, 0, '1970-01-01 01:00:00', '1970-01-01 01:00:00'),
(79, 3, 1, 2, 0, '1970-01-01 01:00:00', '1970-01-01 01:00:00'),
(80, 3, 1, 3, 0, '1970-01-01 01:00:00', '1970-01-01 01:00:00'),
(81, 3, 1, 0, 0, '0000-00-00 00:00:00', '0000-00-00 00:00:00'),
(82, 3, 1, 1, 0, '0000-00-00 00:00:00', '0000-00-00 00:00:00'),
(83, 3, 1, 2, 0, '0000-00-00 00:00:00', '0000-00-00 00:00:00'),
(84, 3, 1, 3, 0, '0000-00-00 00:00:00', '0000-00-00 00:00:00'),
(85, 3, 1, 0, 0, '1970-01-01 00:00:00', '1970-01-01 00:00:00'),
(86, 3, 1, 1, 0, '1970-01-01 00:00:00', '1970-01-01 00:00:00'),
(87, 3, 1, 2, 0, '1970-01-01 00:00:00', '1970-01-01 00:00:00'),
(88, 3, 1, 3, 0, '1970-01-01 00:00:00', '1970-01-01 00:00:00'),
(89, 3, 1, 0, 0, '1970-01-01 00:00:00', '1970-01-01 00:00:00'),
(90, 3, 1, 1, 0, '1970-01-01 00:00:00', '1970-01-01 00:00:00'),
(91, 3, 1, 2, 0, '1970-01-01 00:00:00', '1970-01-01 00:00:00'),
(92, 3, 1, 3, 0, '1970-01-01 00:00:00', '1970-01-01 00:00:00'),
(93, 3, 1, 0, 0, '1970-01-01 00:00:00', '1970-01-01 00:00:00'),
(94, 3, 1, 1, 0, '1970-01-01 00:00:00', '1970-01-01 00:00:00'),
(95, 3, 1, 2, 0, '1970-01-01 00:00:00', '1970-01-01 00:00:00'),
(96, 3, 1, 3, 0, '1970-01-01 00:00:00', '1970-01-01 00:00:00'),
(97, 3, 1, 0, 0, '1970-01-01 00:00:00', '1970-01-01 00:00:00'),
(98, 3, 1, 1, 0, '1970-01-01 00:00:00', '1970-01-01 00:00:00'),
(99, 3, 1, 2, 0, '1970-01-01 00:00:00', '1970-01-01 00:00:00'),
(100, 3, 1, 3, 0, '1970-01-01 00:00:00', '1970-01-01 00:00:00'),
(101, 3, 1, 0, 0, '2015-11-27 00:00:00', '2015-11-29 00:00:00'),
(102, 3, 1, 1, 0, '2015-11-27 00:00:00', '2015-11-29 00:00:00'),
(103, 3, 1, 2, 0, '2015-11-27 00:00:00', '2015-11-29 00:00:00'),
(104, 3, 1, 3, 0, '2015-11-27 00:00:00', '2015-11-29 00:00:00'),
(105, 3, 1, 0, 0, '2015-11-27 00:00:00', '2015-11-29 00:00:00'),
(106, 3, 1, 1, 0, '2015-11-27 00:00:00', '2015-11-29 00:00:00'),
(107, 3, 1, 2, 0, '2015-11-27 00:00:00', '2015-11-29 00:00:00'),
(108, 3, 1, 3, 0, '2015-11-27 00:00:00', '2015-11-29 00:00:00'),
(109, 3, 1, 0, 0, '2015-11-27 00:00:00', '2015-11-28 00:00:00'),
(110, 3, 1, 1, 0, '2015-11-27 00:00:00', '2015-11-28 00:00:00'),
(111, 3, 1, 2, 0, '2015-11-27 00:00:00', '2015-11-28 00:00:00'),
(112, 3, 1, 3, 0, '2015-11-27 00:00:00', '2015-11-28 00:00:00'),
(113, 3, 1, 0, 0, '1970-01-01 00:00:00', '1970-01-01 00:00:00'),
(114, 3, 1, 1, 0, '1970-01-01 00:00:00', '1970-01-01 00:00:00'),
(115, 3, 1, 2, 0, '1970-01-01 00:00:00', '1970-01-01 00:00:00'),
(116, 3, 1, 3, 0, '1970-01-01 00:00:00', '1970-01-01 00:00:00'),
(117, 3, 1, 0, 0, '2015-12-08 00:00:00', '2015-12-09 00:00:00'),
(118, 3, 1, 1, 0, '2015-12-08 00:00:00', '2015-12-09 00:00:00'),
(119, 3, 1, 2, 0, '2015-12-08 00:00:00', '2015-12-09 00:00:00'),
(120, 3, 1, 3, 0, '2015-12-08 00:00:00', '2015-12-09 00:00:00'),
(121, 3, 1, 0, 0, '2015-12-08 00:00:00', '2015-12-09 00:00:00'),
(122, 3, 1, 1, 0, '2015-12-08 00:00:00', '2015-12-09 00:00:00'),
(123, 3, 1, 2, 0, '2015-12-08 00:00:00', '2015-12-09 00:00:00'),
(124, 3, 1, 3, 0, '2015-12-08 00:00:00', '2015-12-09 00:00:00'),
(125, 3, 1, 0, 0, '2015-12-08 00:00:00', '2015-12-09 00:00:00'),
(126, 3, 1, 1, 0, '2015-12-08 00:00:00', '2015-12-09 00:00:00'),
(127, 3, 1, 2, 0, '2015-12-08 00:00:00', '2015-12-09 00:00:00'),
(128, 3, 1, 3, 0, '2015-12-08 00:00:00', '2015-12-09 00:00:00'),
(129, 3, 1, 0, 0, '2015-12-08 00:00:00', '2015-12-09 00:00:00'),
(130, 3, 1, 1, 0, '2015-12-08 00:00:00', '2015-12-09 00:00:00'),
(131, 3, 1, 2, 0, '2015-12-08 00:00:00', '2015-12-09 00:00:00'),
(132, 3, 1, 3, 0, '2015-12-08 00:00:00', '2015-12-09 00:00:00'),
(133, 3, 0, 0, 0, '2015-12-08 00:00:00', '2015-12-09 00:00:00'),
(134, 3, 0, 1, 0, '2015-12-08 00:00:00', '2015-12-09 00:00:00'),
(135, 3, 0, 2, 0, '2015-12-08 00:00:00', '2015-12-09 00:00:00'),
(136, 3, 0, 3, 0, '2015-12-08 00:00:00', '2015-12-09 00:00:00'),
(137, 4, 1, 0, 0, '2015-12-12 00:00:00', '2015-12-13 00:00:00'),
(138, 4, 1, 1, 0, '2015-12-12 00:00:00', '2015-12-13 00:00:00'),
(139, 4, 1, 2, 0, '2015-12-12 00:00:00', '2015-12-13 00:00:00'),
(140, 4, 1, 3, 0, '2015-12-12 00:00:00', '2015-12-13 00:00:00'),
(141, 4, 0, 0, 0, '2015-12-12 00:00:00', '2015-12-13 00:00:00'),
(142, 4, 0, 1, 0, '2015-12-12 00:00:00', '2015-12-13 00:00:00'),
(143, 4, 0, 2, 0, '2015-12-12 00:00:00', '2015-12-13 00:00:00'),
(144, 4, 0, 3, 0, '2015-12-12 00:00:00', '2015-12-13 00:00:00'),
(145, 4, 1, 0, 0, '2015-12-12 00:00:00', '2015-12-13 00:00:00'),
(146, 4, 1, 1, 0, '2015-12-12 00:00:00', '2015-12-13 00:00:00'),
(147, 4, 1, 2, 0, '2015-12-12 00:00:00', '2015-12-13 00:00:00'),
(148, 4, 1, 3, 0, '2015-12-12 00:00:00', '2015-12-13 00:00:00'),
(149, 4, 0, 0, 0, '2015-12-12 00:00:00', '2015-12-13 00:00:00'),
(150, 4, 0, 1, 0, '2015-12-12 00:00:00', '2015-12-13 00:00:00'),
(151, 4, 0, 2, 0, '2015-12-12 00:00:00', '2015-12-13 00:00:00'),
(152, 4, 0, 3, 0, '2015-12-12 00:00:00', '2015-12-13 00:00:00'),
(153, 4, 1, 0, 0, '2015-12-12 00:00:00', '2015-12-13 00:00:00'),
(154, 4, 1, 1, 0, '2015-12-12 00:00:00', '2015-12-13 00:00:00'),
(155, 4, 1, 2, 0, '2015-12-12 00:00:00', '2015-12-13 00:00:00'),
(156, 4, 1, 3, 0, '2015-12-12 00:00:00', '2015-12-13 00:00:00'),
(157, 4, 0, 0, 0, '2015-12-12 00:00:00', '2015-12-13 00:00:00'),
(158, 4, 0, 1, 0, '2015-12-12 00:00:00', '2015-12-13 00:00:00'),
(159, 4, 0, 2, 0, '2015-12-12 00:00:00', '2015-12-13 00:00:00'),
(160, 4, 0, 3, 0, '2015-12-12 00:00:00', '2015-12-13 00:00:00'),
(161, 3, 1, 0, 0, '2015-12-12 00:00:00', '2015-12-13 00:00:00'),
(162, 3, 1, 1, 0, '2015-12-12 00:00:00', '2015-12-13 00:00:00'),
(163, 3, 1, 2, 0, '2015-12-12 00:00:00', '2015-12-13 00:00:00'),
(164, 3, 1, 3, 0, '2015-12-12 00:00:00', '2015-12-13 00:00:00'),
(165, 3, 0, 0, 0, '2015-12-12 00:00:00', '2015-12-13 00:00:00'),
(166, 3, 0, 1, 0, '2015-12-12 00:00:00', '2015-12-13 00:00:00'),
(167, 3, 0, 2, 0, '2015-12-12 00:00:00', '2015-12-13 00:00:00'),
(168, 3, 0, 3, 0, '2015-12-12 00:00:00', '2015-12-13 00:00:00'),
(169, 3, 1, 0, 0, '2015-12-12 00:00:00', '2015-12-13 00:00:00'),
(170, 3, 1, 1, 0, '2015-12-12 00:00:00', '2015-12-13 00:00:00'),
(171, 3, 1, 2, 0, '2015-12-12 00:00:00', '2015-12-13 00:00:00'),
(172, 3, 1, 3, 0, '2015-12-12 00:00:00', '2015-12-13 00:00:00'),
(173, 3, 0, 0, 0, '2015-12-12 00:00:00', '2015-12-13 00:00:00'),
(174, 3, 0, 1, 0, '2015-12-12 00:00:00', '2015-12-13 00:00:00'),
(175, 3, 0, 2, 0, '2015-12-12 00:00:00', '2015-12-13 00:00:00'),
(176, 3, 0, 3, 0, '2015-12-12 00:00:00', '2015-12-13 00:00:00'),
(177, 3, 1, 0, 0, '2015-12-13 00:00:00', '2015-12-14 00:00:00'),
(178, 3, 1, 1, 0, '2015-12-13 00:00:00', '2015-12-14 00:00:00'),
(179, 3, 1, 2, 0, '2015-12-13 00:00:00', '2015-12-14 00:00:00'),
(180, 3, 1, 3, 0, '2015-12-13 00:00:00', '2015-12-14 00:00:00'),
(181, 3, 0, 0, 0, '2015-12-13 00:00:00', '2015-12-14 00:00:00'),
(182, 3, 0, 1, 0, '2015-12-13 00:00:00', '2015-12-14 00:00:00'),
(183, 3, 0, 2, 0, '2015-12-13 00:00:00', '2015-12-14 00:00:00'),
(184, 3, 0, 3, 0, '2015-12-13 00:00:00', '2015-12-14 00:00:00'),
(185, 3, 1, 0, 0, '2015-12-13 00:00:00', '2015-12-14 00:00:00'),
(186, 3, 1, 1, 0, '2015-12-13 00:00:00', '2015-12-14 00:00:00'),
(187, 3, 1, 2, 0, '2015-12-13 00:00:00', '2015-12-14 00:00:00'),
(188, 3, 1, 3, 0, '2015-12-13 00:00:00', '2015-12-14 00:00:00'),
(189, 3, 1, 0, 0, '2015-12-13 00:00:00', '2015-12-14 00:00:00'),
(190, 3, 1, 1, 0, '2015-12-13 00:00:00', '2015-12-14 00:00:00'),
(191, 3, 1, 2, 0, '2015-12-13 00:00:00', '2015-12-14 00:00:00'),
(192, 3, 1, 3, 0, '2015-12-13 00:00:00', '2015-12-14 00:00:00');

-- --------------------------------------------------------

--
-- Table structure for table `deduction`
--

CREATE TABLE IF NOT EXISTS `deduction` (
  `id` int(11) NOT NULL AUTO_INCREMENT,
  `label` varchar(255) DEFAULT NULL,
  `value` varchar(255) NOT NULL,
  `description` varchar(45) DEFAULT NULL,
  PRIMARY KEY (`id`,`value`)
) ENGINE=InnoDB  DEFAULT CHARSET=utf8 AUTO_INCREMENT=9 ;

--
-- Dumping data for table `deduction`
--

INSERT INTO `deduction` (`id`, `label`, `value`, `description`) VALUES
(1, 'sss_loan', '', 'SSS Loan from previous month'),
(2, 'hdmfLoan', '', 'HDMF Loan from previous month'),
(3, 'phic_contribution', '', 'PHIC Contribution from previous month'),
(4, 'hdmf_contribution', '', 'HDMF Contribution from previous month'),
(5, 'ss_contribution', '', 'HDMF Contribution from previous month'),
(6, 'atm', '', 'Atm'),
(7, 'cash_advance', '', 'Cash Advance'),
(8, 'ppe_deposit', '', 'PPE Deposit');

-- --------------------------------------------------------

--
-- Table structure for table `deduction_total`
--

CREATE TABLE IF NOT EXISTS `deduction_total` (
  `id` int(11) NOT NULL AUTO_INCREMENT,
  `emp_id` int(11) DEFAULT NULL,
  `temp_payslip_id` int(11) DEFAULT NULL,
  `date_start` datetime DEFAULT NULL,
  `date_end` datetime DEFAULT NULL,
  `deduction_id` int(11) DEFAULT NULL,
  `value` varchar(255) DEFAULT NULL,
  PRIMARY KEY (`id`),
  KEY `emp_id_idx` (`emp_id`),
  KEY `temp_payslip_id_idx` (`temp_payslip_id`),
  KEY `deduction_id_idx` (`deduction_id`)
) ENGINE=InnoDB  DEFAULT CHARSET=utf8 AUTO_INCREMENT=385 ;

--
-- Dumping data for table `deduction_total`
--

INSERT INTO `deduction_total` (`id`, `emp_id`, `temp_payslip_id`, `date_start`, `date_end`, `deduction_id`, `value`) VALUES
(1, 6, 1, '2015-11-15 00:00:00', '2015-11-16 00:00:00', 1, '0'),
(2, 6, 1, '2015-11-15 00:00:00', '2015-11-16 00:00:00', 2, '0'),
(3, 6, 1, '2015-11-15 00:00:00', '2015-11-16 00:00:00', 3, '0'),
(4, 6, 1, '2015-11-15 00:00:00', '2015-11-16 00:00:00', 4, '0'),
(5, 6, 1, '2015-11-15 00:00:00', '2015-11-16 00:00:00', 5, '0'),
(6, 6, 1, '2015-11-15 00:00:00', '2015-11-16 00:00:00', 6, '0'),
(7, 6, 1, '2015-11-15 00:00:00', '2015-11-16 00:00:00', 7, '0'),
(8, 6, 1, '2015-11-15 00:00:00', '2015-11-16 00:00:00', 8, '0'),
(9, 3, 1, '2015-11-15 00:00:00', '2015-11-16 00:00:00', 1, '0'),
(10, 3, 1, '2015-11-15 00:00:00', '2015-11-16 00:00:00', 2, '0'),
(11, 3, 1, '2015-11-15 00:00:00', '2015-11-16 00:00:00', 3, '0'),
(12, 3, 1, '2015-11-15 00:00:00', '2015-11-16 00:00:00', 4, '0'),
(13, 3, 1, '2015-11-15 00:00:00', '2015-11-16 00:00:00', 5, '0'),
(14, 3, 1, '2015-11-15 00:00:00', '2015-11-16 00:00:00', 6, '0'),
(15, 3, 1, '2015-11-15 00:00:00', '2015-11-16 00:00:00', 7, '0'),
(16, 3, 1, '2015-11-15 00:00:00', '2015-11-16 00:00:00', 8, '0'),
(17, 7, 1, '1970-01-01 01:00:00', '1970-01-01 01:00:00', 1, '0'),
(18, 7, 1, '1970-01-01 01:00:00', '1970-01-01 01:00:00', 2, '0'),
(19, 7, 1, '1970-01-01 01:00:00', '1970-01-01 01:00:00', 3, '0'),
(20, 7, 1, '1970-01-01 01:00:00', '1970-01-01 01:00:00', 4, '0'),
(21, 7, 1, '1970-01-01 01:00:00', '1970-01-01 01:00:00', 5, '0'),
(22, 7, 1, '1970-01-01 01:00:00', '1970-01-01 01:00:00', 6, '0'),
(23, 7, 1, '1970-01-01 01:00:00', '1970-01-01 01:00:00', 7, '0'),
(24, 7, 1, '1970-01-01 01:00:00', '1970-01-01 01:00:00', 8, '0'),
(25, 7, 1, '1970-01-01 01:00:00', '1970-01-01 01:00:00', 1, '0'),
(26, 7, 1, '1970-01-01 01:00:00', '1970-01-01 01:00:00', 2, '0'),
(27, 7, 1, '1970-01-01 01:00:00', '1970-01-01 01:00:00', 3, '0'),
(28, 7, 1, '1970-01-01 01:00:00', '1970-01-01 01:00:00', 4, '0'),
(29, 7, 1, '1970-01-01 01:00:00', '1970-01-01 01:00:00', 5, '0'),
(30, 7, 1, '1970-01-01 01:00:00', '1970-01-01 01:00:00', 6, '0'),
(31, 7, 1, '1970-01-01 01:00:00', '1970-01-01 01:00:00', 7, '0'),
(32, 7, 1, '1970-01-01 01:00:00', '1970-01-01 01:00:00', 8, '0'),
(33, 7, 1, '1970-01-01 01:00:00', '1970-01-01 01:00:00', 1, '0'),
(34, 7, 1, '1970-01-01 01:00:00', '1970-01-01 01:00:00', 2, '0'),
(35, 7, 1, '1970-01-01 01:00:00', '1970-01-01 01:00:00', 3, '0'),
(36, 7, 1, '1970-01-01 01:00:00', '1970-01-01 01:00:00', 4, '0'),
(37, 7, 1, '1970-01-01 01:00:00', '1970-01-01 01:00:00', 5, '0'),
(38, 7, 1, '1970-01-01 01:00:00', '1970-01-01 01:00:00', 6, '0'),
(39, 7, 1, '1970-01-01 01:00:00', '1970-01-01 01:00:00', 7, '0'),
(40, 7, 1, '1970-01-01 01:00:00', '1970-01-01 01:00:00', 8, '0'),
(41, 7, 1, '1970-01-01 01:00:00', '1970-01-01 01:00:00', 1, '0'),
(42, 7, 1, '1970-01-01 01:00:00', '1970-01-01 01:00:00', 2, '0'),
(43, 7, 1, '1970-01-01 01:00:00', '1970-01-01 01:00:00', 3, '0'),
(44, 7, 1, '1970-01-01 01:00:00', '1970-01-01 01:00:00', 4, '0'),
(45, 7, 1, '1970-01-01 01:00:00', '1970-01-01 01:00:00', 5, '0'),
(46, 7, 1, '1970-01-01 01:00:00', '1970-01-01 01:00:00', 6, '0'),
(47, 7, 1, '1970-01-01 01:00:00', '1970-01-01 01:00:00', 7, '0'),
(48, 7, 1, '1970-01-01 01:00:00', '1970-01-01 01:00:00', 8, '0'),
(49, 7, 1, '1970-01-01 01:00:00', '1970-01-01 01:00:00', 1, '0'),
(50, 7, 1, '1970-01-01 01:00:00', '1970-01-01 01:00:00', 2, '0'),
(51, 7, 1, '1970-01-01 01:00:00', '1970-01-01 01:00:00', 3, '0'),
(52, 7, 1, '1970-01-01 01:00:00', '1970-01-01 01:00:00', 4, '0'),
(53, 7, 1, '1970-01-01 01:00:00', '1970-01-01 01:00:00', 5, '0'),
(54, 7, 1, '1970-01-01 01:00:00', '1970-01-01 01:00:00', 6, '0'),
(55, 7, 1, '1970-01-01 01:00:00', '1970-01-01 01:00:00', 7, '0'),
(56, 7, 1, '1970-01-01 01:00:00', '1970-01-01 01:00:00', 8, '0'),
(57, 3, 1, '1970-01-01 01:00:00', '1970-01-01 01:00:00', 1, '0'),
(58, 3, 1, '1970-01-01 01:00:00', '1970-01-01 01:00:00', 2, '0'),
(59, 3, 1, '1970-01-01 01:00:00', '1970-01-01 01:00:00', 3, '0'),
(60, 3, 1, '1970-01-01 01:00:00', '1970-01-01 01:00:00', 4, '0'),
(61, 3, 1, '1970-01-01 01:00:00', '1970-01-01 01:00:00', 5, '0'),
(62, 3, 1, '1970-01-01 01:00:00', '1970-01-01 01:00:00', 6, '0'),
(63, 3, 1, '1970-01-01 01:00:00', '1970-01-01 01:00:00', 7, '0'),
(64, 3, 1, '1970-01-01 01:00:00', '1970-01-01 01:00:00', 8, '0'),
(65, 3, 1, '1970-01-01 01:00:00', '1970-01-01 01:00:00', 1, '0'),
(66, 3, 1, '1970-01-01 01:00:00', '1970-01-01 01:00:00', 2, '0'),
(67, 3, 1, '1970-01-01 01:00:00', '1970-01-01 01:00:00', 3, '0'),
(68, 3, 1, '1970-01-01 01:00:00', '1970-01-01 01:00:00', 4, '0'),
(69, 3, 1, '1970-01-01 01:00:00', '1970-01-01 01:00:00', 5, '0'),
(70, 3, 1, '1970-01-01 01:00:00', '1970-01-01 01:00:00', 6, '0'),
(71, 3, 1, '1970-01-01 01:00:00', '1970-01-01 01:00:00', 7, '0'),
(72, 3, 1, '1970-01-01 01:00:00', '1970-01-01 01:00:00', 8, '0'),
(73, 3, 1, '1970-01-01 01:00:00', '1970-01-01 01:00:00', 1, '0'),
(74, 3, 1, '1970-01-01 01:00:00', '1970-01-01 01:00:00', 2, '0'),
(75, 3, 1, '1970-01-01 01:00:00', '1970-01-01 01:00:00', 3, '0'),
(76, 3, 1, '1970-01-01 01:00:00', '1970-01-01 01:00:00', 4, '0'),
(77, 3, 1, '1970-01-01 01:00:00', '1970-01-01 01:00:00', 5, '0'),
(78, 3, 1, '1970-01-01 01:00:00', '1970-01-01 01:00:00', 6, '0'),
(79, 3, 1, '1970-01-01 01:00:00', '1970-01-01 01:00:00', 7, '0'),
(80, 3, 1, '1970-01-01 01:00:00', '1970-01-01 01:00:00', 8, '0'),
(81, 3, 1, '1970-01-01 01:00:00', '1970-01-01 01:00:00', 1, '0'),
(82, 3, 1, '1970-01-01 01:00:00', '1970-01-01 01:00:00', 2, '0'),
(83, 3, 1, '1970-01-01 01:00:00', '1970-01-01 01:00:00', 3, '0'),
(84, 3, 1, '1970-01-01 01:00:00', '1970-01-01 01:00:00', 4, '0'),
(85, 3, 1, '1970-01-01 01:00:00', '1970-01-01 01:00:00', 5, '0'),
(86, 3, 1, '1970-01-01 01:00:00', '1970-01-01 01:00:00', 6, '0'),
(87, 3, 1, '1970-01-01 01:00:00', '1970-01-01 01:00:00', 7, '0'),
(88, 3, 1, '1970-01-01 01:00:00', '1970-01-01 01:00:00', 8, '0'),
(89, 3, 1, '1970-01-01 01:00:00', '1970-01-01 01:00:00', 1, '0'),
(90, 3, 1, '1970-01-01 01:00:00', '1970-01-01 01:00:00', 2, '0'),
(91, 3, 1, '1970-01-01 01:00:00', '1970-01-01 01:00:00', 3, '0'),
(92, 3, 1, '1970-01-01 01:00:00', '1970-01-01 01:00:00', 4, '0'),
(93, 3, 1, '1970-01-01 01:00:00', '1970-01-01 01:00:00', 5, '0'),
(94, 3, 1, '1970-01-01 01:00:00', '1970-01-01 01:00:00', 6, '0'),
(95, 3, 1, '1970-01-01 01:00:00', '1970-01-01 01:00:00', 7, '0'),
(96, 3, 1, '1970-01-01 01:00:00', '1970-01-01 01:00:00', 8, '0'),
(97, 3, 1, '1970-01-01 01:00:00', '1970-01-01 01:00:00', 1, '0'),
(98, 3, 1, '1970-01-01 01:00:00', '1970-01-01 01:00:00', 2, '0'),
(99, 3, 1, '1970-01-01 01:00:00', '1970-01-01 01:00:00', 3, '0'),
(100, 3, 1, '1970-01-01 01:00:00', '1970-01-01 01:00:00', 4, '0'),
(101, 3, 1, '1970-01-01 01:00:00', '1970-01-01 01:00:00', 5, '0'),
(102, 3, 1, '1970-01-01 01:00:00', '1970-01-01 01:00:00', 6, '0'),
(103, 3, 1, '1970-01-01 01:00:00', '1970-01-01 01:00:00', 7, '0'),
(104, 3, 1, '1970-01-01 01:00:00', '1970-01-01 01:00:00', 8, '0'),
(105, 3, 1, '1970-01-01 01:00:00', '1970-01-01 01:00:00', 1, '0'),
(106, 3, 1, '1970-01-01 01:00:00', '1970-01-01 01:00:00', 2, '0'),
(107, 3, 1, '1970-01-01 01:00:00', '1970-01-01 01:00:00', 3, '0'),
(108, 3, 1, '1970-01-01 01:00:00', '1970-01-01 01:00:00', 4, '0'),
(109, 3, 1, '1970-01-01 01:00:00', '1970-01-01 01:00:00', 5, '0'),
(110, 3, 1, '1970-01-01 01:00:00', '1970-01-01 01:00:00', 6, '0'),
(111, 3, 1, '1970-01-01 01:00:00', '1970-01-01 01:00:00', 7, '0'),
(112, 3, 1, '1970-01-01 01:00:00', '1970-01-01 01:00:00', 8, '0'),
(113, 3, 1, '1970-01-01 01:00:00', '1970-01-01 01:00:00', 1, '0'),
(114, 3, 1, '1970-01-01 01:00:00', '1970-01-01 01:00:00', 2, '0'),
(115, 3, 1, '1970-01-01 01:00:00', '1970-01-01 01:00:00', 3, '0'),
(116, 3, 1, '1970-01-01 01:00:00', '1970-01-01 01:00:00', 4, '0'),
(117, 3, 1, '1970-01-01 01:00:00', '1970-01-01 01:00:00', 5, '0'),
(118, 3, 1, '1970-01-01 01:00:00', '1970-01-01 01:00:00', 6, '0'),
(119, 3, 1, '1970-01-01 01:00:00', '1970-01-01 01:00:00', 7, '0'),
(120, 3, 1, '1970-01-01 01:00:00', '1970-01-01 01:00:00', 8, '0'),
(121, 3, 1, '1970-01-01 01:00:00', '1970-01-01 01:00:00', 1, '0'),
(122, 3, 1, '1970-01-01 01:00:00', '1970-01-01 01:00:00', 2, '0'),
(123, 3, 1, '1970-01-01 01:00:00', '1970-01-01 01:00:00', 3, '0'),
(124, 3, 1, '1970-01-01 01:00:00', '1970-01-01 01:00:00', 4, '0'),
(125, 3, 1, '1970-01-01 01:00:00', '1970-01-01 01:00:00', 5, '0'),
(126, 3, 1, '1970-01-01 01:00:00', '1970-01-01 01:00:00', 6, '0'),
(127, 3, 1, '1970-01-01 01:00:00', '1970-01-01 01:00:00', 7, '0'),
(128, 3, 1, '1970-01-01 01:00:00', '1970-01-01 01:00:00', 8, '0'),
(129, 3, 1, '1970-01-01 01:00:00', '1970-01-01 01:00:00', 1, '0'),
(130, 3, 1, '1970-01-01 01:00:00', '1970-01-01 01:00:00', 2, '0'),
(131, 3, 1, '1970-01-01 01:00:00', '1970-01-01 01:00:00', 3, '0'),
(132, 3, 1, '1970-01-01 01:00:00', '1970-01-01 01:00:00', 4, '0'),
(133, 3, 1, '1970-01-01 01:00:00', '1970-01-01 01:00:00', 5, '0'),
(134, 3, 1, '1970-01-01 01:00:00', '1970-01-01 01:00:00', 6, '0'),
(135, 3, 1, '1970-01-01 01:00:00', '1970-01-01 01:00:00', 7, '0'),
(136, 3, 1, '1970-01-01 01:00:00', '1970-01-01 01:00:00', 8, '0'),
(137, 3, 1, '1970-01-01 01:00:00', '1970-01-01 01:00:00', 1, '0'),
(138, 3, 1, '1970-01-01 01:00:00', '1970-01-01 01:00:00', 2, '0'),
(139, 3, 1, '1970-01-01 01:00:00', '1970-01-01 01:00:00', 3, '0'),
(140, 3, 1, '1970-01-01 01:00:00', '1970-01-01 01:00:00', 4, '0'),
(141, 3, 1, '1970-01-01 01:00:00', '1970-01-01 01:00:00', 5, '0'),
(142, 3, 1, '1970-01-01 01:00:00', '1970-01-01 01:00:00', 6, '0'),
(143, 3, 1, '1970-01-01 01:00:00', '1970-01-01 01:00:00', 7, '0'),
(144, 3, 1, '1970-01-01 01:00:00', '1970-01-01 01:00:00', 8, '0'),
(145, 3, 1, '1970-01-01 01:00:00', '1970-01-01 01:00:00', 1, '0'),
(146, 3, 1, '1970-01-01 01:00:00', '1970-01-01 01:00:00', 2, '0'),
(147, 3, 1, '1970-01-01 01:00:00', '1970-01-01 01:00:00', 3, '0'),
(148, 3, 1, '1970-01-01 01:00:00', '1970-01-01 01:00:00', 4, '0'),
(149, 3, 1, '1970-01-01 01:00:00', '1970-01-01 01:00:00', 5, '0'),
(150, 3, 1, '1970-01-01 01:00:00', '1970-01-01 01:00:00', 6, '0'),
(151, 3, 1, '1970-01-01 01:00:00', '1970-01-01 01:00:00', 7, '0'),
(152, 3, 1, '1970-01-01 01:00:00', '1970-01-01 01:00:00', 8, '0'),
(153, 3, 1, '1970-01-01 01:00:00', '1970-01-01 01:00:00', 1, '0'),
(154, 3, 1, '1970-01-01 01:00:00', '1970-01-01 01:00:00', 2, '0'),
(155, 3, 1, '1970-01-01 01:00:00', '1970-01-01 01:00:00', 3, '0'),
(156, 3, 1, '1970-01-01 01:00:00', '1970-01-01 01:00:00', 4, '0'),
(157, 3, 1, '1970-01-01 01:00:00', '1970-01-01 01:00:00', 5, '0'),
(158, 3, 1, '1970-01-01 01:00:00', '1970-01-01 01:00:00', 6, '0'),
(159, 3, 1, '1970-01-01 01:00:00', '1970-01-01 01:00:00', 7, '0'),
(160, 3, 1, '1970-01-01 01:00:00', '1970-01-01 01:00:00', 8, '0'),
(161, 3, 1, '0000-00-00 00:00:00', '0000-00-00 00:00:00', 1, '0'),
(162, 3, 1, '0000-00-00 00:00:00', '0000-00-00 00:00:00', 2, '0'),
(163, 3, 1, '0000-00-00 00:00:00', '0000-00-00 00:00:00', 3, '0'),
(164, 3, 1, '0000-00-00 00:00:00', '0000-00-00 00:00:00', 4, '0'),
(165, 3, 1, '0000-00-00 00:00:00', '0000-00-00 00:00:00', 5, '0'),
(166, 3, 1, '0000-00-00 00:00:00', '0000-00-00 00:00:00', 6, '0'),
(167, 3, 1, '0000-00-00 00:00:00', '0000-00-00 00:00:00', 7, '0'),
(168, 3, 1, '0000-00-00 00:00:00', '0000-00-00 00:00:00', 8, '0'),
(169, 3, 1, '1970-01-01 00:00:00', '1970-01-01 00:00:00', 1, '0'),
(170, 3, 1, '1970-01-01 00:00:00', '1970-01-01 00:00:00', 2, '0'),
(171, 3, 1, '1970-01-01 00:00:00', '1970-01-01 00:00:00', 3, '0'),
(172, 3, 1, '1970-01-01 00:00:00', '1970-01-01 00:00:00', 4, '0'),
(173, 3, 1, '1970-01-01 00:00:00', '1970-01-01 00:00:00', 5, '0'),
(174, 3, 1, '1970-01-01 00:00:00', '1970-01-01 00:00:00', 6, '0'),
(175, 3, 1, '1970-01-01 00:00:00', '1970-01-01 00:00:00', 7, '0'),
(176, 3, 1, '1970-01-01 00:00:00', '1970-01-01 00:00:00', 8, '0'),
(177, 3, 1, '1970-01-01 00:00:00', '1970-01-01 00:00:00', 1, '0'),
(178, 3, 1, '1970-01-01 00:00:00', '1970-01-01 00:00:00', 2, '0'),
(179, 3, 1, '1970-01-01 00:00:00', '1970-01-01 00:00:00', 3, '0'),
(180, 3, 1, '1970-01-01 00:00:00', '1970-01-01 00:00:00', 4, '0'),
(181, 3, 1, '1970-01-01 00:00:00', '1970-01-01 00:00:00', 5, '0'),
(182, 3, 1, '1970-01-01 00:00:00', '1970-01-01 00:00:00', 6, '0'),
(183, 3, 1, '1970-01-01 00:00:00', '1970-01-01 00:00:00', 7, '0'),
(184, 3, 1, '1970-01-01 00:00:00', '1970-01-01 00:00:00', 8, '0'),
(185, 3, 1, '1970-01-01 00:00:00', '1970-01-01 00:00:00', 1, '0'),
(186, 3, 1, '1970-01-01 00:00:00', '1970-01-01 00:00:00', 2, '0'),
(187, 3, 1, '1970-01-01 00:00:00', '1970-01-01 00:00:00', 3, '0'),
(188, 3, 1, '1970-01-01 00:00:00', '1970-01-01 00:00:00', 4, '0'),
(189, 3, 1, '1970-01-01 00:00:00', '1970-01-01 00:00:00', 5, '0'),
(190, 3, 1, '1970-01-01 00:00:00', '1970-01-01 00:00:00', 6, '0'),
(191, 3, 1, '1970-01-01 00:00:00', '1970-01-01 00:00:00', 7, '0'),
(192, 3, 1, '1970-01-01 00:00:00', '1970-01-01 00:00:00', 8, '0'),
(193, 3, 1, '1970-01-01 00:00:00', '1970-01-01 00:00:00', 1, '0'),
(194, 3, 1, '1970-01-01 00:00:00', '1970-01-01 00:00:00', 2, '0'),
(195, 3, 1, '1970-01-01 00:00:00', '1970-01-01 00:00:00', 3, '0'),
(196, 3, 1, '1970-01-01 00:00:00', '1970-01-01 00:00:00', 4, '0'),
(197, 3, 1, '1970-01-01 00:00:00', '1970-01-01 00:00:00', 5, '0'),
(198, 3, 1, '1970-01-01 00:00:00', '1970-01-01 00:00:00', 6, '0'),
(199, 3, 1, '1970-01-01 00:00:00', '1970-01-01 00:00:00', 7, '0'),
(200, 3, 1, '1970-01-01 00:00:00', '1970-01-01 00:00:00', 8, '0'),
(201, 3, 1, '2015-11-27 00:00:00', '2015-11-29 00:00:00', 1, '0'),
(202, 3, 1, '2015-11-27 00:00:00', '2015-11-29 00:00:00', 2, '0'),
(203, 3, 1, '2015-11-27 00:00:00', '2015-11-29 00:00:00', 3, '0'),
(204, 3, 1, '2015-11-27 00:00:00', '2015-11-29 00:00:00', 4, '0'),
(205, 3, 1, '2015-11-27 00:00:00', '2015-11-29 00:00:00', 5, '0'),
(206, 3, 1, '2015-11-27 00:00:00', '2015-11-29 00:00:00', 6, '0'),
(207, 3, 1, '2015-11-27 00:00:00', '2015-11-29 00:00:00', 7, '0'),
(208, 3, 1, '2015-11-27 00:00:00', '2015-11-29 00:00:00', 8, '0'),
(209, 3, 1, '2015-11-27 00:00:00', '2015-11-29 00:00:00', 1, '0'),
(210, 3, 1, '2015-11-27 00:00:00', '2015-11-29 00:00:00', 2, '0'),
(211, 3, 1, '2015-11-27 00:00:00', '2015-11-29 00:00:00', 3, '0'),
(212, 3, 1, '2015-11-27 00:00:00', '2015-11-29 00:00:00', 4, '0'),
(213, 3, 1, '2015-11-27 00:00:00', '2015-11-29 00:00:00', 5, '0'),
(214, 3, 1, '2015-11-27 00:00:00', '2015-11-29 00:00:00', 6, '0'),
(215, 3, 1, '2015-11-27 00:00:00', '2015-11-29 00:00:00', 7, '0'),
(216, 3, 1, '2015-11-27 00:00:00', '2015-11-29 00:00:00', 8, '0'),
(217, 3, 1, '2015-11-27 00:00:00', '2015-11-28 00:00:00', 1, '0'),
(218, 3, 1, '2015-11-27 00:00:00', '2015-11-28 00:00:00', 2, '0'),
(219, 3, 1, '2015-11-27 00:00:00', '2015-11-28 00:00:00', 3, '0'),
(220, 3, 1, '2015-11-27 00:00:00', '2015-11-28 00:00:00', 4, '0'),
(221, 3, 1, '2015-11-27 00:00:00', '2015-11-28 00:00:00', 5, '0'),
(222, 3, 1, '2015-11-27 00:00:00', '2015-11-28 00:00:00', 6, '0'),
(223, 3, 1, '2015-11-27 00:00:00', '2015-11-28 00:00:00', 7, '0'),
(224, 3, 1, '2015-11-27 00:00:00', '2015-11-28 00:00:00', 8, '0'),
(225, 3, 1, '1970-01-01 00:00:00', '1970-01-01 00:00:00', 1, '0'),
(226, 3, 1, '1970-01-01 00:00:00', '1970-01-01 00:00:00', 2, '0'),
(227, 3, 1, '1970-01-01 00:00:00', '1970-01-01 00:00:00', 3, '0'),
(228, 3, 1, '1970-01-01 00:00:00', '1970-01-01 00:00:00', 4, '0'),
(229, 3, 1, '1970-01-01 00:00:00', '1970-01-01 00:00:00', 5, '0'),
(230, 3, 1, '1970-01-01 00:00:00', '1970-01-01 00:00:00', 6, '0'),
(231, 3, 1, '1970-01-01 00:00:00', '1970-01-01 00:00:00', 7, '0'),
(232, 3, 1, '1970-01-01 00:00:00', '1970-01-01 00:00:00', 8, '0'),
(233, 3, 1, '2015-12-08 00:00:00', '2015-12-09 00:00:00', 1, '0'),
(234, 3, 1, '2015-12-08 00:00:00', '2015-12-09 00:00:00', 2, '0'),
(235, 3, 1, '2015-12-08 00:00:00', '2015-12-09 00:00:00', 3, '0'),
(236, 3, 1, '2015-12-08 00:00:00', '2015-12-09 00:00:00', 4, '0'),
(237, 3, 1, '2015-12-08 00:00:00', '2015-12-09 00:00:00', 5, '0'),
(238, 3, 1, '2015-12-08 00:00:00', '2015-12-09 00:00:00', 6, '0'),
(239, 3, 1, '2015-12-08 00:00:00', '2015-12-09 00:00:00', 7, '0'),
(240, 3, 1, '2015-12-08 00:00:00', '2015-12-09 00:00:00', 8, '0'),
(241, 3, 1, '2015-12-08 00:00:00', '2015-12-09 00:00:00', 1, '0'),
(242, 3, 1, '2015-12-08 00:00:00', '2015-12-09 00:00:00', 2, '0'),
(243, 3, 1, '2015-12-08 00:00:00', '2015-12-09 00:00:00', 3, '0'),
(244, 3, 1, '2015-12-08 00:00:00', '2015-12-09 00:00:00', 4, '0'),
(245, 3, 1, '2015-12-08 00:00:00', '2015-12-09 00:00:00', 5, '0'),
(246, 3, 1, '2015-12-08 00:00:00', '2015-12-09 00:00:00', 6, '0'),
(247, 3, 1, '2015-12-08 00:00:00', '2015-12-09 00:00:00', 7, '0'),
(248, 3, 1, '2015-12-08 00:00:00', '2015-12-09 00:00:00', 8, '0'),
(249, 3, 1, '2015-12-08 00:00:00', '2015-12-09 00:00:00', 1, '0'),
(250, 3, 1, '2015-12-08 00:00:00', '2015-12-09 00:00:00', 2, '0'),
(251, 3, 1, '2015-12-08 00:00:00', '2015-12-09 00:00:00', 3, '0'),
(252, 3, 1, '2015-12-08 00:00:00', '2015-12-09 00:00:00', 4, '0'),
(253, 3, 1, '2015-12-08 00:00:00', '2015-12-09 00:00:00', 5, '0'),
(254, 3, 1, '2015-12-08 00:00:00', '2015-12-09 00:00:00', 6, '0'),
(255, 3, 1, '2015-12-08 00:00:00', '2015-12-09 00:00:00', 7, '0'),
(256, 3, 1, '2015-12-08 00:00:00', '2015-12-09 00:00:00', 8, '0'),
(257, 3, 1, '2015-12-08 00:00:00', '2015-12-09 00:00:00', 1, '0'),
(258, 3, 1, '2015-12-08 00:00:00', '2015-12-09 00:00:00', 2, '0'),
(259, 3, 1, '2015-12-08 00:00:00', '2015-12-09 00:00:00', 3, '0'),
(260, 3, 1, '2015-12-08 00:00:00', '2015-12-09 00:00:00', 4, '0'),
(261, 3, 1, '2015-12-08 00:00:00', '2015-12-09 00:00:00', 5, '0'),
(262, 3, 1, '2015-12-08 00:00:00', '2015-12-09 00:00:00', 6, '0'),
(263, 3, 1, '2015-12-08 00:00:00', '2015-12-09 00:00:00', 7, '0'),
(264, 3, 1, '2015-12-08 00:00:00', '2015-12-09 00:00:00', 8, '0'),
(265, 3, 0, '2015-12-08 00:00:00', '2015-12-09 00:00:00', 1, '0'),
(266, 3, 0, '2015-12-08 00:00:00', '2015-12-09 00:00:00', 2, '0'),
(267, 3, 0, '2015-12-08 00:00:00', '2015-12-09 00:00:00', 3, '0'),
(268, 3, 0, '2015-12-08 00:00:00', '2015-12-09 00:00:00', 4, '0'),
(269, 3, 0, '2015-12-08 00:00:00', '2015-12-09 00:00:00', 5, '0'),
(270, 3, 0, '2015-12-08 00:00:00', '2015-12-09 00:00:00', 6, '0'),
(271, 3, 0, '2015-12-08 00:00:00', '2015-12-09 00:00:00', 7, '0'),
(272, 3, 0, '2015-12-08 00:00:00', '2015-12-09 00:00:00', 8, '0'),
(273, 4, 1, '2015-12-12 00:00:00', '2015-12-13 00:00:00', 1, '0'),
(274, 4, 1, '2015-12-12 00:00:00', '2015-12-13 00:00:00', 2, '0'),
(275, 4, 1, '2015-12-12 00:00:00', '2015-12-13 00:00:00', 3, '0'),
(276, 4, 1, '2015-12-12 00:00:00', '2015-12-13 00:00:00', 4, '0'),
(277, 4, 1, '2015-12-12 00:00:00', '2015-12-13 00:00:00', 5, '0'),
(278, 4, 1, '2015-12-12 00:00:00', '2015-12-13 00:00:00', 6, '0'),
(279, 4, 1, '2015-12-12 00:00:00', '2015-12-13 00:00:00', 7, '0'),
(280, 4, 1, '2015-12-12 00:00:00', '2015-12-13 00:00:00', 8, '0'),
(281, 4, 0, '2015-12-12 00:00:00', '2015-12-13 00:00:00', 1, '0'),
(282, 4, 0, '2015-12-12 00:00:00', '2015-12-13 00:00:00', 2, '0'),
(283, 4, 0, '2015-12-12 00:00:00', '2015-12-13 00:00:00', 3, '0'),
(284, 4, 0, '2015-12-12 00:00:00', '2015-12-13 00:00:00', 4, '0'),
(285, 4, 0, '2015-12-12 00:00:00', '2015-12-13 00:00:00', 5, '0'),
(286, 4, 0, '2015-12-12 00:00:00', '2015-12-13 00:00:00', 6, '0'),
(287, 4, 0, '2015-12-12 00:00:00', '2015-12-13 00:00:00', 7, '0'),
(288, 4, 0, '2015-12-12 00:00:00', '2015-12-13 00:00:00', 8, '0'),
(289, 4, 1, '2015-12-12 00:00:00', '2015-12-13 00:00:00', 1, '0'),
(290, 4, 1, '2015-12-12 00:00:00', '2015-12-13 00:00:00', 2, '0'),
(291, 4, 1, '2015-12-12 00:00:00', '2015-12-13 00:00:00', 3, '0'),
(292, 4, 1, '2015-12-12 00:00:00', '2015-12-13 00:00:00', 4, '0'),
(293, 4, 1, '2015-12-12 00:00:00', '2015-12-13 00:00:00', 5, '0'),
(294, 4, 1, '2015-12-12 00:00:00', '2015-12-13 00:00:00', 6, '0'),
(295, 4, 1, '2015-12-12 00:00:00', '2015-12-13 00:00:00', 7, '0'),
(296, 4, 1, '2015-12-12 00:00:00', '2015-12-13 00:00:00', 8, '0'),
(297, 4, 0, '2015-12-12 00:00:00', '2015-12-13 00:00:00', 1, '0'),
(298, 4, 0, '2015-12-12 00:00:00', '2015-12-13 00:00:00', 2, '0'),
(299, 4, 0, '2015-12-12 00:00:00', '2015-12-13 00:00:00', 3, '0'),
(300, 4, 0, '2015-12-12 00:00:00', '2015-12-13 00:00:00', 4, '0'),
(301, 4, 0, '2015-12-12 00:00:00', '2015-12-13 00:00:00', 5, '0'),
(302, 4, 0, '2015-12-12 00:00:00', '2015-12-13 00:00:00', 6, '0'),
(303, 4, 0, '2015-12-12 00:00:00', '2015-12-13 00:00:00', 7, '0'),
(304, 4, 0, '2015-12-12 00:00:00', '2015-12-13 00:00:00', 8, '0'),
(305, 4, 1, '2015-12-12 00:00:00', '2015-12-13 00:00:00', 1, '0'),
(306, 4, 1, '2015-12-12 00:00:00', '2015-12-13 00:00:00', 2, '0'),
(307, 4, 1, '2015-12-12 00:00:00', '2015-12-13 00:00:00', 3, '0'),
(308, 4, 1, '2015-12-12 00:00:00', '2015-12-13 00:00:00', 4, '0'),
(309, 4, 1, '2015-12-12 00:00:00', '2015-12-13 00:00:00', 5, '0'),
(310, 4, 1, '2015-12-12 00:00:00', '2015-12-13 00:00:00', 6, '0'),
(311, 4, 1, '2015-12-12 00:00:00', '2015-12-13 00:00:00', 7, '0'),
(312, 4, 1, '2015-12-12 00:00:00', '2015-12-13 00:00:00', 8, '0'),
(313, 4, 0, '2015-12-12 00:00:00', '2015-12-13 00:00:00', 1, '0'),
(314, 4, 0, '2015-12-12 00:00:00', '2015-12-13 00:00:00', 2, '0'),
(315, 4, 0, '2015-12-12 00:00:00', '2015-12-13 00:00:00', 3, '0'),
(316, 4, 0, '2015-12-12 00:00:00', '2015-12-13 00:00:00', 4, '0'),
(317, 4, 0, '2015-12-12 00:00:00', '2015-12-13 00:00:00', 5, '0'),
(318, 4, 0, '2015-12-12 00:00:00', '2015-12-13 00:00:00', 6, '0'),
(319, 4, 0, '2015-12-12 00:00:00', '2015-12-13 00:00:00', 7, '0'),
(320, 4, 0, '2015-12-12 00:00:00', '2015-12-13 00:00:00', 8, '0'),
(321, 3, 1, '2015-12-12 00:00:00', '2015-12-13 00:00:00', 1, '0'),
(322, 3, 1, '2015-12-12 00:00:00', '2015-12-13 00:00:00', 2, '0'),
(323, 3, 1, '2015-12-12 00:00:00', '2015-12-13 00:00:00', 3, '0'),
(324, 3, 1, '2015-12-12 00:00:00', '2015-12-13 00:00:00', 4, '0'),
(325, 3, 1, '2015-12-12 00:00:00', '2015-12-13 00:00:00', 5, '0'),
(326, 3, 1, '2015-12-12 00:00:00', '2015-12-13 00:00:00', 6, '0'),
(327, 3, 1, '2015-12-12 00:00:00', '2015-12-13 00:00:00', 7, '0'),
(328, 3, 1, '2015-12-12 00:00:00', '2015-12-13 00:00:00', 8, '0'),
(329, 3, 0, '2015-12-12 00:00:00', '2015-12-13 00:00:00', 1, '0'),
(330, 3, 0, '2015-12-12 00:00:00', '2015-12-13 00:00:00', 2, '0'),
(331, 3, 0, '2015-12-12 00:00:00', '2015-12-13 00:00:00', 3, '0'),
(332, 3, 0, '2015-12-12 00:00:00', '2015-12-13 00:00:00', 4, '0'),
(333, 3, 0, '2015-12-12 00:00:00', '2015-12-13 00:00:00', 5, '0'),
(334, 3, 0, '2015-12-12 00:00:00', '2015-12-13 00:00:00', 6, '0'),
(335, 3, 0, '2015-12-12 00:00:00', '2015-12-13 00:00:00', 7, '0'),
(336, 3, 0, '2015-12-12 00:00:00', '2015-12-13 00:00:00', 8, '0'),
(337, 3, 1, '2015-12-12 00:00:00', '2015-12-13 00:00:00', 1, '0'),
(338, 3, 1, '2015-12-12 00:00:00', '2015-12-13 00:00:00', 2, '0'),
(339, 3, 1, '2015-12-12 00:00:00', '2015-12-13 00:00:00', 3, '0'),
(340, 3, 1, '2015-12-12 00:00:00', '2015-12-13 00:00:00', 4, '0'),
(341, 3, 1, '2015-12-12 00:00:00', '2015-12-13 00:00:00', 5, '0'),
(342, 3, 1, '2015-12-12 00:00:00', '2015-12-13 00:00:00', 6, '0'),
(343, 3, 1, '2015-12-12 00:00:00', '2015-12-13 00:00:00', 7, '0'),
(344, 3, 1, '2015-12-12 00:00:00', '2015-12-13 00:00:00', 8, '0'),
(345, 3, 0, '2015-12-12 00:00:00', '2015-12-13 00:00:00', 1, '0'),
(346, 3, 0, '2015-12-12 00:00:00', '2015-12-13 00:00:00', 2, '0'),
(347, 3, 0, '2015-12-12 00:00:00', '2015-12-13 00:00:00', 3, '0'),
(348, 3, 0, '2015-12-12 00:00:00', '2015-12-13 00:00:00', 4, '0'),
(349, 3, 0, '2015-12-12 00:00:00', '2015-12-13 00:00:00', 5, '0'),
(350, 3, 0, '2015-12-12 00:00:00', '2015-12-13 00:00:00', 6, '0'),
(351, 3, 0, '2015-12-12 00:00:00', '2015-12-13 00:00:00', 7, '0'),
(352, 3, 0, '2015-12-12 00:00:00', '2015-12-13 00:00:00', 8, '0'),
(353, 3, 1, '2015-12-13 00:00:00', '2015-12-14 00:00:00', 1, '0'),
(354, 3, 1, '2015-12-13 00:00:00', '2015-12-14 00:00:00', 2, '0'),
(355, 3, 1, '2015-12-13 00:00:00', '2015-12-14 00:00:00', 3, '0'),
(356, 3, 1, '2015-12-13 00:00:00', '2015-12-14 00:00:00', 4, '0'),
(357, 3, 1, '2015-12-13 00:00:00', '2015-12-14 00:00:00', 5, '0'),
(358, 3, 1, '2015-12-13 00:00:00', '2015-12-14 00:00:00', 6, '0'),
(359, 3, 1, '2015-12-13 00:00:00', '2015-12-14 00:00:00', 7, '0'),
(360, 3, 1, '2015-12-13 00:00:00', '2015-12-14 00:00:00', 8, '0'),
(361, 3, 0, '2015-12-13 00:00:00', '2015-12-14 00:00:00', 1, '0'),
(362, 3, 0, '2015-12-13 00:00:00', '2015-12-14 00:00:00', 2, '0'),
(363, 3, 0, '2015-12-13 00:00:00', '2015-12-14 00:00:00', 3, '0'),
(364, 3, 0, '2015-12-13 00:00:00', '2015-12-14 00:00:00', 4, '0'),
(365, 3, 0, '2015-12-13 00:00:00', '2015-12-14 00:00:00', 5, '0'),
(366, 3, 0, '2015-12-13 00:00:00', '2015-12-14 00:00:00', 6, '0'),
(367, 3, 0, '2015-12-13 00:00:00', '2015-12-14 00:00:00', 7, '0'),
(368, 3, 0, '2015-12-13 00:00:00', '2015-12-14 00:00:00', 8, '0'),
(369, 3, 1, '2015-12-13 00:00:00', '2015-12-14 00:00:00', 1, '0'),
(370, 3, 1, '2015-12-13 00:00:00', '2015-12-14 00:00:00', 2, '0'),
(371, 3, 1, '2015-12-13 00:00:00', '2015-12-14 00:00:00', 3, '0'),
(372, 3, 1, '2015-12-13 00:00:00', '2015-12-14 00:00:00', 4, '0'),
(373, 3, 1, '2015-12-13 00:00:00', '2015-12-14 00:00:00', 5, '0'),
(374, 3, 1, '2015-12-13 00:00:00', '2015-12-14 00:00:00', 6, '0'),
(375, 3, 1, '2015-12-13 00:00:00', '2015-12-14 00:00:00', 7, '0'),
(376, 3, 1, '2015-12-13 00:00:00', '2015-12-14 00:00:00', 8, '0'),
(377, 3, 1, '2015-12-13 00:00:00', '2015-12-14 00:00:00', 1, '0'),
(378, 3, 1, '2015-12-13 00:00:00', '2015-12-14 00:00:00', 2, '0'),
(379, 3, 1, '2015-12-13 00:00:00', '2015-12-14 00:00:00', 3, '0'),
(380, 3, 1, '2015-12-13 00:00:00', '2015-12-14 00:00:00', 4, '0'),
(381, 3, 1, '2015-12-13 00:00:00', '2015-12-14 00:00:00', 5, '0'),
(382, 3, 1, '2015-12-13 00:00:00', '2015-12-14 00:00:00', 6, '0'),
(383, 3, 1, '2015-12-13 00:00:00', '2015-12-14 00:00:00', 7, '0'),
(384, 3, 1, '2015-12-13 00:00:00', '2015-12-14 00:00:00', 8, '0');

-- --------------------------------------------------------

--
-- Table structure for table `department`
--

CREATE TABLE IF NOT EXISTS `department` (
  `id` int(11) NOT NULL AUTO_INCREMENT,
  `label` varchar(255) DEFAULT NULL,
  `description` varchar(255) DEFAULT NULL,
  PRIMARY KEY (`id`)
) ENGINE=InnoDB  DEFAULT CHARSET=utf8 AUTO_INCREMENT=3 ;

--
-- Dumping data for table `department`
--

INSERT INTO `department` (`id`, `label`, `description`) VALUES
(1, 'IT technical Support', 'IT technical Support');

-- --------------------------------------------------------

--
-- Table structure for table `employee`
--

CREATE TABLE IF NOT EXISTS `employee` (
  `id` int(11) NOT NULL AUTO_INCREMENT,
  `employee_id` varchar(255) DEFAULT NULL,
  `first_name` varchar(225) DEFAULT NULL,
  `last_name` varchar(225) DEFAULT NULL,
  `position` varchar(225) DEFAULT NULL,
  `department_id` int(11) DEFAULT NULL,
  `status` tinyint(1) DEFAULT '1',
  `birthdate` varchar(45) DEFAULT NULL,
  `city` varchar(45) DEFAULT NULL,
  `mobile` varchar(45) DEFAULT NULL,
  `phone` varchar(45) DEFAULT NULL,
  `email` varchar(45) DEFAULT NULL,
  `civil_status` varchar(255) DEFAULT NULL,
  `sss_no` varchar(45) DEFAULT NULL,
  `philhealth_no` varchar(45) DEFAULT NULL,
  `pagibig_no` varchar(45) DEFAULT NULL,
  `tax_id_no` varchar(45) DEFAULT NULL,
  `date_hired` varchar(45) DEFAULT NULL,
  `salary_grade_id` varchar(45) DEFAULT NULL,
  `birth_cert` int(11) DEFAULT NULL,
  `baptismal` int(11) DEFAULT NULL,
  `marriage_cert` int(11) DEFAULT NULL,
  `brgy_clearance` int(11) DEFAULT NULL,
  `police_clearance` int(11) DEFAULT NULL,
  `nbi` int(11) DEFAULT NULL,
  `xray` int(11) DEFAULT NULL,
  `result` int(11) DEFAULT NULL,
  `sputum` int(11) DEFAULT NULL,
  `fecalysis` int(11) DEFAULT NULL,
  `health_card` int(11) DEFAULT NULL,
  `drug_test` int(11) DEFAULT NULL,
  `eye_test` int(11) DEFAULT NULL,
  `bio_date` int(11) DEFAULT NULL,
  `resume` int(11) DEFAULT NULL,
  `id_picture` int(11) DEFAULT NULL,
  `info_sheet` int(11) DEFAULT NULL,
  `contract` int(11) DEFAULT NULL,
  PRIMARY KEY (`id`),
  KEY `d_id_idx` (`department_id`)
) ENGINE=InnoDB  DEFAULT CHARSET=utf8 AUTO_INCREMENT=8 ;

--
-- Dumping data for table `employee`
--

INSERT INTO `employee` (`id`, `employee_id`, `first_name`, `last_name`, `position`, `department_id`, `status`, `birthdate`, `city`, `mobile`, `phone`, `email`, `civil_status`, `sss_no`, `philhealth_no`, `pagibig_no`, `tax_id_no`, `date_hired`, `salary_grade_id`, `birth_cert`, `baptismal`, `marriage_cert`, `brgy_clearance`, `police_clearance`, `nbi`, `xray`, `result`, `sputum`, `fecalysis`, `health_card`, `drug_test`, `eye_test`, `bio_date`, `resume`, `id_picture`, `info_sheet`, `contract`) VALUES
(3, '15-00003', 'sample 321324', 'smaplek', '123', 1, 0, 'asdasasdasdasasddda', 'asdasasdasdasasdddaasdasd', 'dfgfdgdfgdf', 'dfg', 'sadasd', '0', 'k;kl;kl;', '123123', 'dsfsdfsd', 'qweewr', '123213', '1', NULL, NULL, NULL, NULL, NULL, NULL, NULL, NULL, NULL, NULL, NULL, NULL, NULL, NULL, NULL, NULL, NULL, NULL),
(4, '15-00004', 'sample 2', 'sample 3', 'hskdjfh', 1, 0, NULL, NULL, NULL, NULL, NULL, NULL, NULL, NULL, NULL, NULL, NULL, '1', NULL, NULL, NULL, NULL, NULL, NULL, NULL, NULL, NULL, NULL, NULL, NULL, NULL, NULL, NULL, NULL, NULL, NULL),
(5, '15-00005', 'sample', 'sample', 'sdmfslkd', 1, 1, NULL, NULL, NULL, NULL, NULL, NULL, NULL, NULL, NULL, NULL, NULL, '1', NULL, NULL, NULL, NULL, NULL, NULL, NULL, NULL, NULL, NULL, NULL, NULL, NULL, NULL, NULL, NULL, NULL, NULL),
(6, '15-00006', 'adsasd', 'Sampsdf', 'asdas', 1, 1, NULL, NULL, NULL, NULL, NULL, NULL, NULL, NULL, NULL, NULL, NULL, '1', NULL, NULL, NULL, NULL, NULL, NULL, NULL, NULL, NULL, NULL, NULL, NULL, NULL, NULL, NULL, NULL, NULL, NULL),
(7, '15-00007', 'sample', 'sdfs', 'sadfasdf', 1, 1, NULL, NULL, NULL, NULL, NULL, NULL, NULL, NULL, NULL, NULL, NULL, '1', NULL, NULL, NULL, NULL, NULL, NULL, NULL, NULL, NULL, NULL, NULL, NULL, NULL, NULL, NULL, NULL, NULL, NULL);

-- --------------------------------------------------------

--
-- Table structure for table `gross_for_day`
--

CREATE TABLE IF NOT EXISTS `gross_for_day` (
  `id` int(11) NOT NULL AUTO_INCREMENT,
  `temp_payslip_id` int(11) DEFAULT NULL,
  `work_on_id` int(11) DEFAULT NULL,
  `day` varchar(255) DEFAULT NULL,
  `pay_equals1_hours` varchar(255) DEFAULT NULL,
  `pay_equals1` varchar(255) DEFAULT NULL,
  `pay_equals0_hours` varchar(255) DEFAULT NULL,
  `pay_equals0` varchar(255) DEFAULT NULL,
  `overtime1_hours` varchar(255) DEFAULT NULL,
  `overtime1` varchar(255) DEFAULT NULL,
  `overtime0_hours` varchar(255) DEFAULT NULL,
  `overtime0` varchar(255) DEFAULT NULL,
  `gross_day` varchar(255) DEFAULT NULL,
  `date_starts` datetime DEFAULT NULL,
  `date_ends` datetime DEFAULT NULL,
  `total_pay_for_day` int(11) DEFAULT NULL,
  `time_starts` varchar(255) DEFAULT NULL,
  `time_ends` varchar(255) DEFAULT NULL,
  PRIMARY KEY (`id`),
  KEY `wo_id_idx` (`work_on_id`),
  KEY `temp_payslip_id3` (`temp_payslip_id`)
) ENGINE=InnoDB  DEFAULT CHARSET=utf8 AUTO_INCREMENT=72 ;

--
-- Dumping data for table `gross_for_day`
--

INSERT INTO `gross_for_day` (`id`, `temp_payslip_id`, `work_on_id`, `day`, `pay_equals1_hours`, `pay_equals1`, `pay_equals0_hours`, `pay_equals0`, `overtime1_hours`, `overtime1`, `overtime0_hours`, `overtime0`, `gross_day`, `date_starts`, `date_ends`, `total_pay_for_day`, `time_starts`, `time_ends`) VALUES
(1, 2, 1, '15', '8', '360', '8', '396', '8', '450', '8', '495', NULL, '2015-11-15 00:00:00', '2015-11-16 00:00:00', 1701, '14:57:00', '14:57:00'),
(2, 2, 1, '16', '1', '45', '1', '49.5', '1', '56.25', '1', '61.875', NULL, '2015-11-15 00:00:00', '2015-11-16 00:00:00', 213, '14:57:00', '14:57:00'),
(3, 11, 1, '26', '2', '90', '2', '99', '2', '112.5', '2', '123.75', NULL, '1970-01-01 01:00:00', '1970-01-01 01:00:00', 425, '15:15:00', '15:15:00'),
(4, 11, 1, '27', '2', '90', '2', '99', '2', '112.5', '2', '123.75', NULL, '1970-01-01 01:00:00', '1970-01-01 01:00:00', 425, '15:15:00', '15:15:00'),
(5, 11, 1, '28', '2', '90', '2', '99', '2', '112.5', '2', '123.75', NULL, '1970-01-01 01:00:00', '1970-01-01 01:00:00', 425, '15:15:00', '15:15:00'),
(6, 12, 1, '26', '2', '90', '2', '99', '2', '112.5', '2', '123.75', NULL, '1970-01-01 01:00:00', '1970-01-01 01:00:00', 425, '15:15:00', '15:15:00'),
(7, 12, 1, '27', '2', '90', '2', '99', '2', '112.5', '2', '123.75', NULL, '1970-01-01 01:00:00', '1970-01-01 01:00:00', 425, '15:15:00', '15:15:00'),
(8, 12, 1, '28', '2', '90', '2', '99', '2', '112.5', '2', '123.75', NULL, '1970-01-01 01:00:00', '1970-01-01 01:00:00', 425, '15:15:00', '15:15:00'),
(9, 13, 1, '26', '2', '90', '2', '99', '2', '112.5', '2', '123.75', NULL, '1970-01-01 01:00:00', '1970-01-01 01:00:00', 425, '15:15:00', '15:15:00'),
(10, 13, 1, '27', '2', '90', '2', '99', '2', '112.5', '2', '123.75', NULL, '1970-01-01 01:00:00', '1970-01-01 01:00:00', 425, '15:15:00', '15:15:00'),
(11, 13, 1, '28', '2', '90', '2', '99', '2', '112.5', '2', '123.75', NULL, '1970-01-01 01:00:00', '1970-01-01 01:00:00', 425, '15:15:00', '15:15:00'),
(12, 14, 1, '26', '2', '90', '2', '99', '22', '1237.5', '2', '123.75', NULL, '1970-01-01 01:00:00', '1970-01-01 01:00:00', 1550, '15:19:00', '15:19:00'),
(13, 14, 1, '27', '2', '90', '2', '99', '2', '112.5', '2', '123.75', NULL, '1970-01-01 01:00:00', '1970-01-01 01:00:00', 425, '15:19:00', '15:19:00'),
(14, 15, 1, '26', '2', '90', '2', '99', '22', '1237.5', '2', '123.75', NULL, '1970-01-01 01:00:00', '1970-01-01 01:00:00', 1550, '15:19:00', '15:19:00'),
(15, 15, 1, '27', '2', '90', '2', '99', '2', '112.5', '2', '123.75', NULL, '1970-01-01 01:00:00', '1970-01-01 01:00:00', 425, '15:19:00', '15:19:00'),
(16, 16, 1, '26', '2', '90', '2', '99', '22', '1237.5', '2', '123.75', NULL, '1970-01-01 01:00:00', '1970-01-01 01:00:00', 1550, '15:19:00', '15:19:00'),
(17, 16, 1, '27', '2', '90', '2', '99', '2', '112.5', '2', '123.75', NULL, '1970-01-01 01:00:00', '1970-01-01 01:00:00', 425, '15:19:00', '15:19:00'),
(18, 17, 1, '26', '2', '90', '2', '99', '22', '1237.5', '2', '123.75', NULL, '1970-01-01 01:00:00', '1970-01-01 01:00:00', 1550, '15:19:00', '15:19:00'),
(19, 17, 1, '27', '2', '90', '2', '99', '2', '112.5', '2', '123.75', NULL, '1970-01-01 01:00:00', '1970-01-01 01:00:00', 425, '15:19:00', '15:19:00'),
(20, 18, 1, '26', '2', '90', '2', '99', '22', '1237.5', '2', '123.75', NULL, '1970-01-01 01:00:00', '1970-01-01 01:00:00', 1550, '15:19:00', '15:19:00'),
(21, 18, 1, '27', '2', '90', '2', '99', '2', '112.5', '2', '123.75', NULL, '1970-01-01 01:00:00', '1970-01-01 01:00:00', 425, '15:19:00', '15:19:00'),
(22, 19, 1, '26', '2', '90', '2', '99', '22', '1237.5', '2', '123.75', NULL, '1970-01-01 01:00:00', '1970-01-01 01:00:00', 1550, '15:19:00', '15:19:00'),
(23, 19, 1, '27', '2', '90', '2', '99', '2', '112.5', '2', '123.75', NULL, '1970-01-01 01:00:00', '1970-01-01 01:00:00', 425, '15:19:00', '15:19:00'),
(24, 20, 1, '26', '2', '90', '2', '99', '22', '1237.5', '2', '123.75', NULL, '1970-01-01 01:00:00', '1970-01-01 01:00:00', 1550, '15:19:00', '15:19:00'),
(25, 20, 1, '27', '2', '90', '2', '99', '2', '112.5', '2', '123.75', NULL, '1970-01-01 01:00:00', '1970-01-01 01:00:00', 425, '15:19:00', '15:19:00'),
(26, 21, 1, '26', '2', '90', '2', '99', '22', '1237.5', '2', '123.75', NULL, '1970-01-01 01:00:00', '1970-01-01 01:00:00', 1550, '15:19:00', '15:19:00'),
(27, 21, 1, '27', '2', '90', '2', '99', '2', '112.5', '2', '123.75', NULL, '1970-01-01 01:00:00', '1970-01-01 01:00:00', 425, '15:19:00', '15:19:00'),
(28, 22, 1, '26', '2', '90', '2', '99', '22', '1237.5', '2', '123.75', NULL, '1970-01-01 01:00:00', '1970-01-01 01:00:00', 1550, '15:19:00', '15:19:00'),
(29, 22, 1, '27', '2', '90', '2', '99', '2', '112.5', '2', '123.75', NULL, '1970-01-01 01:00:00', '1970-01-01 01:00:00', 425, '15:19:00', '15:19:00'),
(30, 23, 1, '27', '2', '90', '2', '99', '2', '112.5', '2', '123.75', NULL, '1970-01-01 01:00:00', '1970-01-01 01:00:00', 425, '15:27:00', '15:27:00'),
(31, 23, 1, '28', '2', '90', '2', '99', '2', '112.5', '2', '123.75', NULL, '1970-01-01 01:00:00', '1970-01-01 01:00:00', 425, '15:27:00', '15:27:00'),
(32, 24, 1, '27', '2', '90', '2', '99', '2', '112.5', '2', '123.75', NULL, '0000-00-00 00:00:00', '0000-00-00 00:00:00', 425, '15:27:00', '15:27:00'),
(33, 24, 1, '28', '2', '90', '2', '99', '2', '112.5', '2', '123.75', NULL, '0000-00-00 00:00:00', '0000-00-00 00:00:00', 425, '15:27:00', '15:27:00'),
(34, 25, 1, '27', '2', '90', '2', '99', '2', '112.5', '2', '123.75', NULL, '1970-01-01 00:00:00', '1970-01-01 00:00:00', 425, '15:57:00', '15:57:00'),
(35, 25, 1, '28', '2', '90', '22', '1089', '2', '112.5', '2', '123.75', NULL, '1970-01-01 00:00:00', '1970-01-01 00:00:00', 1415, '15:57:00', '15:57:00'),
(36, 25, 1, '29', '2', '90', '2', '99', '2', '112.5', '2', '123.75', NULL, '1970-01-01 00:00:00', '1970-01-01 00:00:00', 425, '15:57:00', '15:57:00'),
(37, 26, 1, '27', '2', '90', '2', '99', '2', '112.5', '2', '123.75', NULL, '1970-01-01 00:00:00', '1970-01-01 00:00:00', 425, '15:57:00', '15:57:00'),
(38, 26, 1, '28', '2', '90', '22', '1089', '2', '112.5', '2', '123.75', NULL, '1970-01-01 00:00:00', '1970-01-01 00:00:00', 1415, '15:57:00', '15:57:00'),
(39, 26, 1, '29', '2', '90', '2', '99', '2', '112.5', '2', '123.75', NULL, '1970-01-01 00:00:00', '1970-01-01 00:00:00', 425, '15:57:00', '15:57:00'),
(40, 27, 1, '27', '2', '90', '2', '99', '2', '112.5', '2', '123.75', NULL, '1970-01-01 00:00:00', '1970-01-01 00:00:00', 425, '15:57:00', '15:57:00'),
(41, 27, 1, '28', '2', '90', '22', '1089', '2', '112.5', '2', '123.75', NULL, '1970-01-01 00:00:00', '1970-01-01 00:00:00', 1415, '15:57:00', '15:57:00'),
(42, 27, 1, '29', '2', '90', '2', '99', '2', '112.5', '2', '123.75', NULL, '1970-01-01 00:00:00', '1970-01-01 00:00:00', 425, '15:57:00', '15:57:00'),
(43, 28, 1, '27', '2', '90', '2', '99', '2', '112.5', '2', '123.75', NULL, '1970-01-01 00:00:00', '1970-01-01 00:00:00', 425, '15:57:00', '15:57:00'),
(44, 28, 1, '28', '2', '90', '22', '1089', '2', '112.5', '2', '123.75', NULL, '1970-01-01 00:00:00', '1970-01-01 00:00:00', 1415, '15:57:00', '15:57:00'),
(45, 28, 1, '29', '2', '90', '2', '99', '2', '112.5', '2', '123.75', NULL, '1970-01-01 00:00:00', '1970-01-01 00:00:00', 425, '15:57:00', '15:57:00'),
(46, 29, 1, '27', '2', '90', '2', '99', '2', '112.5', '2', '123.75', NULL, '2015-11-27 00:00:00', '2015-11-29 00:00:00', 425, '16:00:00', '16:00:00'),
(47, 29, 1, '28', '2', '90', '2', '99', '2', '112.5', '2', '123.75', NULL, '2015-11-27 00:00:00', '2015-11-29 00:00:00', 425, '16:00:00', '16:00:00'),
(48, 29, 1, '29', '2', '90', '2', '99', '2', '112.5', '2', '123.75', NULL, '2015-11-27 00:00:00', '2015-11-29 00:00:00', 425, '16:00:00', '16:00:00'),
(49, 30, 1, '27', '2', '90', '2', '99', '2', '112.5', '2', '123.75', NULL, '2015-11-27 00:00:00', '2015-11-29 00:00:00', 425, '16:00:00', '16:00:00'),
(50, 30, 1, '28', '2', '90', '2', '99', '2', '112.5', '2', '123.75', NULL, '2015-11-27 00:00:00', '2015-11-29 00:00:00', 425, '16:00:00', '16:00:00'),
(51, 30, 1, '29', '2', '90', '2', '99', '2', '112.5', '2', '123.75', NULL, '2015-11-27 00:00:00', '2015-11-29 00:00:00', 425, '16:00:00', '16:00:00'),
(52, 1, 1, '27', '2', '90', '2', '99', '2', '112.5', '2', '123.75', NULL, '2015-11-27 00:00:00', '2015-11-28 00:00:00', 425, '16:07:00', '16:07:00'),
(53, 1, 1, '28', '2', '90', '2', '99', '22', '1237.5', '2', '123.75', NULL, '2015-11-27 00:00:00', '2015-11-28 00:00:00', 1550, '16:07:00', '16:07:00'),
(54, 43, 1, '8', '8', '0.303', '12', '0.49995', '4', '200', '1', '55', NULL, '2015-12-08 00:00:00', '2015-12-09 00:00:00', 256, '23:12:00', '10:12:00'),
(55, 44, 1, '8', '8', '0.303', '12', '0.49995', '4', '200', '1', '55', NULL, '2015-12-08 00:00:00', '2015-12-09 00:00:00', 256, '23:12:00', '10:12:00'),
(56, 45, 1, '8', '8', '0.303', '11', '0.4582875', '3', '150', '', '0', NULL, '2015-12-08 00:00:00', '2015-12-09 00:00:00', 151, '22:16:00', '10:16:00'),
(57, 46, 1, '8', '8', '0.303', '11', '0.4582875', '3', '150', '', '0', NULL, '2015-12-08 00:00:00', '2015-12-09 00:00:00', 151, '22:17:00', '10:17:00'),
(58, 47, 1, '12', '8', '0.303', '11', '0.4582875', '3', '150', '1', '55', NULL, '2015-12-12 00:00:00', '2015-12-13 00:00:00', 206, '23:09:00', '11:09:00'),
(59, 0, 1, '13', '8', '0.303', '11', '0.4582875', '3', '150', '13', '715', NULL, '2015-12-12 00:00:00', '2015-12-13 00:00:00', 866, '11:09:00', '23:09:00'),
(60, 48, 1, '12', '8', '0.303', '11', '0.4582875', '3', '150', '1', '55', NULL, '2015-12-12 00:00:00', '2015-12-13 00:00:00', 206, '23:09:00', '11:09:00'),
(61, 0, 1, '13', '8', '0.303', '11', '0.4582875', '3', '150', '13', '715', NULL, '2015-12-12 00:00:00', '2015-12-13 00:00:00', 866, '11:09:00', '23:09:00'),
(62, 49, 1, '12', '8', '0.303', '11', '0.4582875', '3', '150', '1', '55', NULL, '2015-12-12 00:00:00', '2015-12-13 00:00:00', 206, '23:09:00', '11:09:00'),
(63, 0, 1, '13', '8', '0.303', '11', '0.4582875', '3', '150', '13', '715', NULL, '2015-12-12 00:00:00', '2015-12-13 00:00:00', 866, '11:09:00', '23:09:00'),
(64, 50, 1, '12', '8', '0.303', '11', '0.4582875', '3', '150', '1', '55', NULL, '2015-12-12 00:00:00', '2015-12-13 00:00:00', 206, '23:17:00', '11:17:00'),
(65, 0, 1, '13', '8', '0.303', '11', '0.4582875', '3', '150', '1', '55', NULL, '2015-12-12 00:00:00', '2015-12-13 00:00:00', 206, '23:17:00', '11:17:00'),
(66, 51, 1, '12', '8', '0.303', '11', '0.4582875', '3', '150', '2', '110', NULL, '2015-12-12 00:00:00', '2015-12-13 00:00:00', 261, '00:53:00', '12:53:00'),
(67, 0, 1, '13', '8', '0.303', '11', '0.4582875', '3', '150', '2', '110', NULL, '2015-12-12 00:00:00', '2015-12-13 00:00:00', 261, '00:53:00', '12:53:00'),
(68, 59, 1, '13', '8', '0.303', '11', '0.4582875', '3', '150', '14', '770', NULL, '2015-12-13 00:00:00', '2015-12-14 00:00:00', 921, '12:54:00', '00:54:00'),
(69, 0, 1, '14', '8', '0.303', '11', '0.4582875', '3', '150', '14', '770', NULL, '2015-12-13 00:00:00', '2015-12-14 00:00:00', 921, '12:54:00', '00:54:00'),
(70, 60, 1, '13', '8', '0.303', '11', '0.4582875', '3', '150', '3', '165', NULL, '2015-12-13 00:00:00', '2015-12-14 00:00:00', 316, '01:04:00', '13:04:00'),
(71, 60, 1, '14', '8', '0.303', '11', '0.4582875', '3', '150', '15', '825', NULL, '2015-12-13 00:00:00', '2015-12-14 00:00:00', 976, '13:04:00', '01:04:00');

-- --------------------------------------------------------

--
-- Table structure for table `gross_for_pieces`
--

CREATE TABLE IF NOT EXISTS `gross_for_pieces` (
  `id` int(11) NOT NULL AUTO_INCREMENT,
  `emp_id` int(11) DEFAULT NULL,
  `temp_payslip_id` int(11) DEFAULT NULL,
  `value1` varchar(255) DEFAULT NULL,
  `value2` int(11) NOT NULL,
  `work_on_id` int(11) DEFAULT NULL,
  `date_starts` datetime DEFAULT NULL,
  `date_ends` datetime DEFAULT NULL,
  PRIMARY KEY (`id`),
  KEY `temp_id_idx` (`temp_payslip_id`),
  KEY `emp_id_idx` (`emp_id`),
  KEY `wo_id_idx` (`work_on_id`)
) ENGINE=InnoDB  DEFAULT CHARSET=utf8 AUTO_INCREMENT=9 ;

--
-- Dumping data for table `gross_for_pieces`
--

INSERT INTO `gross_for_pieces` (`id`, `emp_id`, `temp_payslip_id`, `value1`, `value2`, `work_on_id`, `date_starts`, `date_ends`) VALUES
(1, 6, 1, '10500', 100, NULL, '2015-11-15 00:00:00', '2015-11-16 00:00:00'),
(2, 7, 6, '0', 0, NULL, '1970-01-01 01:00:00', '1970-01-01 01:00:00'),
(3, 7, 7, '0', 0, NULL, '1970-01-01 01:00:00', '1970-01-01 01:00:00'),
(4, 7, 8, '0', 0, NULL, '1970-01-01 01:00:00', '1970-01-01 01:00:00'),
(5, 7, 9, '6', 0, NULL, '1970-01-01 01:00:00', '1970-01-01 01:00:00'),
(6, 7, 10, '6', 0, NULL, '1970-01-01 01:00:00', '1970-01-01 01:00:00'),
(7, 3, 2, '0', 0, NULL, '1970-01-01 00:00:00', '1970-01-01 00:00:00'),
(8, 3, 0, NULL, 0, NULL, '2015-12-08 00:00:00', '2015-12-09 00:00:00');

-- --------------------------------------------------------

--
-- Table structure for table `gross_for_piece_for_day`
--

CREATE TABLE IF NOT EXISTS `gross_for_piece_for_day` (
  `id` int(11) NOT NULL AUTO_INCREMENT,
  `gross_for_pieces_id` int(11) NOT NULL,
  `day` int(11) NOT NULL,
  `values` varchar(11) NOT NULL,
  `work_on_id` int(11) NOT NULL,
  PRIMARY KEY (`id`)
) ENGINE=InnoDB  DEFAULT CHARSET=latin1 AUTO_INCREMENT=11 ;

--
-- Dumping data for table `gross_for_piece_for_day`
--

INSERT INTO `gross_for_piece_for_day` (`id`, `gross_for_pieces_id`, `day`, `values`, `work_on_id`) VALUES
(1, 1, 15, '10500', 1),
(2, 1, 16, '100', 1),
(3, 5, 27, '2', 1),
(4, 5, 28, '2', 1),
(5, 5, 29, '2', 1),
(6, 6, 27, '2', 1),
(7, 6, 28, '2', 1),
(8, 6, 29, '2', 1),
(9, 8, 8, '', 1),
(10, 8, 9, '123123', 1);

-- --------------------------------------------------------

--
-- Table structure for table `groups`
--

CREATE TABLE IF NOT EXISTS `groups` (
  `id` mediumint(8) unsigned NOT NULL AUTO_INCREMENT,
  `name` varchar(20) NOT NULL,
  `description` varchar(100) NOT NULL,
  PRIMARY KEY (`id`)
) ENGINE=InnoDB  DEFAULT CHARSET=utf8 AUTO_INCREMENT=4 ;

--
-- Dumping data for table `groups`
--

INSERT INTO `groups` (`id`, `name`, `description`) VALUES
(1, 'admin', 'Administrator'),
(2, 'member', 'member'),
(3, 'testings', 'testings');

-- --------------------------------------------------------

--
-- Table structure for table `login_attempts`
--

CREATE TABLE IF NOT EXISTS `login_attempts` (
  `id` int(11) unsigned NOT NULL AUTO_INCREMENT,
  `ip_address` varchar(15) NOT NULL,
  `login` varchar(100) NOT NULL,
  `time` int(11) unsigned DEFAULT NULL,
  PRIMARY KEY (`id`)
) ENGINE=InnoDB DEFAULT CHARSET=utf8 AUTO_INCREMENT=1 ;

-- --------------------------------------------------------

--
-- Table structure for table `salary_grade`
--

CREATE TABLE IF NOT EXISTS `salary_grade` (
  `id` int(11) NOT NULL AUTO_INCREMENT,
  `bracket` varchar(11) DEFAULT NULL,
  `rate_per_day` varchar(45) DEFAULT NULL,
  `months_13` varchar(45) DEFAULT NULL,
  `sil_day_314` varchar(45) DEFAULT NULL,
  `sil_day_313` varchar(45) DEFAULT NULL,
  `remarks` varchar(45) DEFAULT NULL,
  PRIMARY KEY (`id`)
) ENGINE=InnoDB  DEFAULT CHARSET=utf8 AUTO_INCREMENT=19 ;

--
-- Dumping data for table `salary_grade`
--

INSERT INTO `salary_grade` (`id`, `bracket`, `rate_per_day`, `months_13`, `sil_day_314`, `sil_day_313`, `remarks`) VALUES
(1, 'parer', '.303', '25.25', '4.82', '4.84', 'minimum of 1000'),
(2, 'sheller', '.1733', '21.67', '4.14', '4.15', 'minimum of 1500'),
(3, '1', '260', '21.67', '4.14', '4.15', NULL),
(4, '2', '300', '25', '4.78', '4.79', NULL),
(5, '3', '320', '26.67', '5.1', '5.11', NULL),
(6, '4', '375', '31.25', '5.97', '5.99', NULL),
(7, '5', '350', '29.17', '5.57', '5.59', NULL),
(8, '6', '280', '23.33', '4.46', '4.47', NULL),
(9, '7', '270', '22.5', '4.3', '4.31', NULL),
(10, '8', '291', '24.25', '4.63', '4.65', NULL),
(11, '9', '378', '31.5', '6.02', '6.04', NULL),
(12, '10', '500', '41.67', '7.96', '7.99', NULL),
(13, '11', '330', '27.5', '5.25', '5.27', NULL),
(14, '12', '340', '28.33', '5.41', '5.43', NULL),
(15, '13', '400', '33.33', '6.37', '6.39', NULL),
(16, '14', '450', '37.5', '7.17', '7.19', NULL),
(17, '15', '360', '30', '5.73', '5.75', NULL);

-- --------------------------------------------------------

--
-- Table structure for table `temp_payslip`
--

CREATE TABLE IF NOT EXISTS `temp_payslip` (
  `id` int(11) NOT NULL AUTO_INCREMENT,
  `emp_id` int(11) DEFAULT NULL,
  `gross_total` varchar(255) DEFAULT NULL,
  `deduction_total` varchar(11) DEFAULT '0',
  `extras_total` varchar(255) DEFAULT '0',
  PRIMARY KEY (`id`),
  KEY `emp_id_idx` (`emp_id`)
) ENGINE=InnoDB  DEFAULT CHARSET=utf8 AUTO_INCREMENT=61 ;

--
-- Dumping data for table `temp_payslip`
--

INSERT INTO `temp_payslip` (`id`, `emp_id`, `gross_total`, `deduction_total`, `extras_total`) VALUES
(1, 3, '1975.5', '0', '0'),
(2, 3, '0', '0', '0'),
(3, 3, NULL, '0', '0'),
(4, 3, NULL, '0', '0'),
(5, 3, NULL, '0', '0'),
(6, 3, NULL, '0', '0'),
(7, 3, NULL, '0', '0'),
(8, 3, NULL, '0', '0'),
(9, 3, NULL, '0', '0'),
(10, 3, NULL, '0', '0'),
(29, 3, '1975', '0', '0'),
(30, 3, '1975', '0', '0'),
(31, 3, NULL, '0', '0'),
(32, 3, NULL, '0', '0'),
(33, 3, NULL, '0', '0'),
(34, 3, NULL, '0', '0'),
(35, 3, NULL, '0', '0'),
(36, 3, NULL, '0', '0'),
(37, 3, NULL, '0', '0'),
(38, 3, NULL, '0', '0'),
(39, 3, NULL, '0', '0'),
(40, 3, NULL, '0', '0'),
(41, 3, NULL, '0', '0'),
(42, 3, NULL, '0', '0'),
(43, 3, '255.80295', '0', '0'),
(44, 3, '255.80295', '0', '0'),
(45, 3, '150.7612875', '0', '0'),
(46, 3, '150.7612875', '0', '0'),
(47, 4, '205.7612875', '0', '0'),
(48, 4, '205.7612875', '0', '0'),
(49, 4, '205.7612875', '0', '0'),
(50, 3, '205.7612875', '0', '0'),
(51, 3, '260.7612875', '0', '0'),
(52, 3, NULL, '0', '0'),
(53, 3, NULL, '0', '0'),
(54, 3, NULL, '0', '0'),
(55, 3, NULL, '0', '0'),
(56, 3, NULL, '0', '0'),
(57, 3, NULL, '0', '0'),
(58, 3, NULL, '0', '0'),
(59, 3, '920.7612875', '0', '0'),
(60, 3, '1291.522575', '0', '0');

-- --------------------------------------------------------

--
-- Table structure for table `users`
--

CREATE TABLE IF NOT EXISTS `users` (
  `id` int(11) unsigned NOT NULL AUTO_INCREMENT,
  `ip_address` varchar(15) NOT NULL,
  `username` varchar(100) NOT NULL,
  `password` varchar(255) NOT NULL,
  `salt` varchar(255) DEFAULT NULL,
  `email` varchar(100) NOT NULL,
  `activation_code` varchar(40) DEFAULT NULL,
  `forgotten_password_code` varchar(40) DEFAULT NULL,
  `forgotten_password_time` int(11) unsigned DEFAULT NULL,
  `remember_code` varchar(40) DEFAULT NULL,
  `created_on` int(11) unsigned NOT NULL,
  `last_login` int(11) unsigned DEFAULT NULL,
  `active` tinyint(1) unsigned DEFAULT NULL,
  `first_name` varchar(50) DEFAULT NULL,
  `last_name` varchar(50) DEFAULT NULL,
  `company` varchar(100) DEFAULT NULL,
  `phone` varchar(20) DEFAULT NULL,
  PRIMARY KEY (`id`)
) ENGINE=InnoDB  DEFAULT CHARSET=utf8 AUTO_INCREMENT=4 ;

--
-- Dumping data for table `users`
--

INSERT INTO `users` (`id`, `ip_address`, `username`, `password`, `salt`, `email`, `activation_code`, `forgotten_password_code`, `forgotten_password_time`, `remember_code`, `created_on`, `last_login`, `active`, `first_name`, `last_name`, `company`, `phone`) VALUES
(1, '127.0.0.1', 'administrator', '$2a$07$SeBknntpZror9uyftVopmu61qg0ms8Qv1yV6FG.kQOSM.9QhmTo36', '', 'admin@admin.com', '', NULL, NULL, NULL, 1268889823, 1450160971, 1, 'Admins', 'istrator', 'ADMIN', '0'),
(2, '::1', 'sample sample', '$2y$08$wNfIS/RCIury573yzYWV/OSD7mqYhaghwO1GmqPLQQumIhx2IcGGe', NULL, 'superadmin@superadmin.com', NULL, NULL, NULL, NULL, 1448651573, 1448662652, 1, 'sample', 'sample', '', ''),
(3, '::1', 'testing tes', '$2y$08$yjSMBk6.KAu1130SdW8tXuVKtA00OQ99BgV9BrntU2KHPQMH1VMW2', NULL, 'sample@smaple.com', '47c1fea992712c05aff6a3579b271f8506277190', NULL, NULL, NULL, 1448655914, NULL, 0, 'testing', 'tes', '', '');

-- --------------------------------------------------------

--
-- Table structure for table `users_groups`
--

CREATE TABLE IF NOT EXISTS `users_groups` (
  `id` int(11) unsigned NOT NULL AUTO_INCREMENT,
  `user_id` int(11) unsigned NOT NULL,
  `group_id` mediumint(8) unsigned NOT NULL,
  PRIMARY KEY (`id`),
  UNIQUE KEY `uc_users_groups` (`user_id`,`group_id`),
  KEY `fk_users_groups_users1_idx` (`user_id`),
  KEY `fk_users_groups_groups1_idx` (`group_id`)
) ENGINE=InnoDB  DEFAULT CHARSET=utf8 AUTO_INCREMENT=12 ;

--
-- Dumping data for table `users_groups`
--

INSERT INTO `users_groups` (`id`, `user_id`, `group_id`) VALUES
(11, 1, 1),
(5, 2, 2),
(9, 3, 2),
(10, 3, 3);

-- --------------------------------------------------------

--
-- Table structure for table `variable`
--

CREATE TABLE IF NOT EXISTS `variable` (
  `id` int(11) NOT NULL,
  `label` varchar(45) DEFAULT NULL,
  `description` varchar(45) DEFAULT NULL,
  `value` varchar(45) DEFAULT NULL,
  `rate` varchar(45) DEFAULT NULL,
  PRIMARY KEY (`id`)
) ENGINE=InnoDB DEFAULT CHARSET=utf8;

-- --------------------------------------------------------

--
-- Table structure for table `work_on`
--

CREATE TABLE IF NOT EXISTS `work_on` (
  `id` int(11) NOT NULL AUTO_INCREMENT,
  `label` varchar(255) DEFAULT NULL,
  `description` varchar(255) DEFAULT NULL,
  PRIMARY KEY (`id`)
) ENGINE=InnoDB  DEFAULT CHARSET=utf8 AUTO_INCREMENT=10 ;

--
-- Dumping data for table `work_on`
--

INSERT INTO `work_on` (`id`, `label`, `description`) VALUES
(1, 'ordinary_day', 'ordinary day'),
(2, 'sunday_or_rest day', 'sunday or rest day'),
(3, 'special_holiday', 'special holiday'),
(4, 'special holiday_falling_on_rest day', 'special holiday falling on rest day'),
(5, 'regular_holiday', 'regular holiday'),
(6, 'regular_holiday_falling_on_rest day', 'regular holiday falling  on rest day'),
(7, 'double_holiday', 'double holiday'),
(8, 'double_holiday_falling_on_rest day', 'double holiday falling on rest day');

-- --------------------------------------------------------

--
-- Table structure for table `work_on_rates`
--

CREATE TABLE IF NOT EXISTS `work_on_rates` (
  `id` int(11) NOT NULL AUTO_INCREMENT,
  `work_on_id` int(11) DEFAULT NULL,
  `description` varchar(255) DEFAULT NULL,
  `shift` tinyint(4) DEFAULT NULL COMMENT 'dayshift=1;nightshift=0;',
  `value` varchar(255) DEFAULT NULL,
  PRIMARY KEY (`id`),
  KEY `wo_id_idx` (`work_on_id`)
) ENGINE=InnoDB  DEFAULT CHARSET=utf8 AUTO_INCREMENT=34 ;

--
-- Dumping data for table `work_on_rates`
--

INSERT INTO `work_on_rates` (`id`, `work_on_id`, `description`, `shift`, `value`) VALUES
(1, 1, 'payequals', 1, '100'),
(2, 1, 'payequals', 0, '110'),
(3, 1, 'overtime', 1, '125'),
(4, 1, 'overtime', 0, '137.5'),
(5, 2, 'payequals', 1, '130'),
(6, 2, 'payequals', 0, '143'),
(7, 2, 'overtime', 1, '169'),
(8, 2, 'overtime', 0, '185.9'),
(9, 3, 'payequals', 1, '130'),
(10, 3, 'payequals', 0, '143'),
(11, 3, 'overtime', 1, '169'),
(12, 3, 'overtime', 0, '185.9'),
(13, 4, 'payequals', 1, '150'),
(14, 4, 'payequals', 0, '165'),
(15, 4, 'overtime', 1, '195'),
(16, 4, 'overtime', 0, '214.5'),
(17, 5, 'payequals', 1, '200'),
(18, 5, 'payequals', 0, '220'),
(19, 5, 'overtime', 1, '260'),
(20, 5, 'overtime', 0, '286'),
(21, 6, 'payequals', 1, '260'),
(22, 6, 'payequals', 0, '286'),
(23, 6, 'overtime', 1, '338'),
(24, 6, 'overtime', 0, '371.8'),
(25, 7, 'payequals', 1, '300'),
(26, 7, 'payequals', 0, '330'),
(27, 7, 'overtime', 1, '390'),
(28, 7, 'overtime', 0, '429'),
(29, 8, 'payequals', 1, '390'),
(30, 8, 'payequals', 0, '429'),
(31, 8, 'overtime', 1, '507'),
(32, 8, 'overtime', 0, '557.7');

-- --------------------------------------------------------

--
-- Table structure for table `work_on_total`
--

CREATE TABLE IF NOT EXISTS `work_on_total` (
  `id` int(11) NOT NULL AUTO_INCREMENT,
  `temp_payslip_id` int(11) DEFAULT NULL,
  `work_on_id` int(11) DEFAULT NULL,
  `pay_equals1` varchar(255) DEFAULT NULL,
  `pay_equals0` varchar(255) DEFAULT NULL,
  `overtime1` varchar(255) DEFAULT NULL,
  `overtime0` varchar(255) DEFAULT NULL,
  PRIMARY KEY (`id`)
) ENGINE=InnoDB  DEFAULT CHARSET=latin1 AUTO_INCREMENT=41 ;

--
-- Dumping data for table `work_on_total`
--

INSERT INTO `work_on_total` (`id`, `temp_payslip_id`, `work_on_id`, `pay_equals1`, `pay_equals0`, `overtime1`, `overtime0`) VALUES
(1, 2, 1, '9', '9', '9', '9'),
(2, 11, 1, '6', '6', '6', '6'),
(3, 12, 1, '6', '6', '6', '6'),
(4, 13, 1, '6', '6', '6', '6'),
(5, 14, 1, '4', '4', '24', '4'),
(6, 15, 1, '4', '4', '24', '4'),
(7, 16, 1, '4', '4', '24', '4'),
(8, 17, 1, '4', '4', '24', '4'),
(9, 18, 1, '4', '4', '24', '4'),
(10, 19, 1, '4', '4', '24', '4'),
(11, 20, 1, '4', '4', '24', '4'),
(12, 21, 1, '4', '4', '24', '4'),
(13, 22, 1, '4', '4', '24', '4'),
(14, 23, 1, '4', '4', '4', '4'),
(15, 24, 1, '4', '4', '4', '4'),
(16, 25, 1, '6', '26', '6', '6'),
(17, 26, 1, '6', '26', '6', '6'),
(18, 27, 1, '6', '26', '6', '6'),
(19, 28, 1, '6', '26', '6', '6'),
(20, 29, 1, '6', '6', '6', '6'),
(21, 30, 1, '6', '6', '6', '6'),
(22, 1, 1, '4', '4', '24', '4'),
(23, 43, 1, '', NULL, NULL, NULL),
(24, 44, 1, '8', '12', '4', '1'),
(25, 45, 1, '8', '11', '3', ''),
(26, 46, 1, '8', '11', '3', ''),
(27, 47, 1, '8', '11', '3', '1'),
(28, 0, 1, '16', '22', '6', '14'),
(29, 48, 1, '8', '11', '3', '1'),
(30, 0, 1, '16', '22', '6', '14'),
(31, 49, 1, '8', '11', '3', '1'),
(32, 0, 1, '16', '22', '6', '14'),
(33, 50, 1, '8', '11', '3', '1'),
(34, 0, 1, '16', '22', '6', '2'),
(35, 51, 1, '8', '11', '3', '2'),
(36, 0, 1, '16', '22', '6', '4'),
(37, 59, 1, '8', '11', '3', '14'),
(38, 0, 1, '16', '22', '6', '28'),
(39, 60, 1, '8', '11', '3', '3'),
(40, 60, 1, '16', '22', '6', '18');

--
-- Constraints for dumped tables
--

--
-- Constraints for table `adds`
--
ALTER TABLE `adds`
  ADD CONSTRAINT `temp_payslip_id7` FOREIGN KEY (`temp_playslip_id`) REFERENCES `temp_payslip` (`id`) ON DELETE NO ACTION ON UPDATE NO ACTION;

--
-- Constraints for table `deduction_total`
--
ALTER TABLE `deduction_total`
  ADD CONSTRAINT `deduction_id4` FOREIGN KEY (`deduction_id`) REFERENCES `deduction` (`id`) ON DELETE NO ACTION ON UPDATE NO ACTION,
  ADD CONSTRAINT `emp_id4` FOREIGN KEY (`emp_id`) REFERENCES `employee` (`id`) ON DELETE NO ACTION ON UPDATE NO ACTION,
  ADD CONSTRAINT `temp_payslip_id4` FOREIGN KEY (`temp_payslip_id`) REFERENCES `temp_payslip` (`id`) ON DELETE NO ACTION ON UPDATE NO ACTION;

--
-- Constraints for table `employee`
--
ALTER TABLE `employee`
  ADD CONSTRAINT `d_id1` FOREIGN KEY (`department_id`) REFERENCES `department` (`id`) ON DELETE NO ACTION ON UPDATE NO ACTION;

--
-- Constraints for table `gross_for_day`
--
ALTER TABLE `gross_for_day`
  ADD CONSTRAINT `temp_payslip_id3` FOREIGN KEY (`temp_payslip_id`) REFERENCES `temp_payslip` (`id`) ON DELETE NO ACTION ON UPDATE NO ACTION,
  ADD CONSTRAINT `wo_id3` FOREIGN KEY (`work_on_id`) REFERENCES `work_on` (`id`) ON DELETE NO ACTION ON UPDATE NO ACTION;

--
-- Constraints for table `gross_for_pieces`
--
ALTER TABLE `gross_for_pieces`
  ADD CONSTRAINT `emp_id5` FOREIGN KEY (`emp_id`) REFERENCES `employee` (`id`) ON DELETE NO ACTION ON UPDATE NO ACTION,
  ADD CONSTRAINT `temp_id5` FOREIGN KEY (`temp_payslip_id`) REFERENCES `temp_payslip` (`id`) ON DELETE NO ACTION ON UPDATE NO ACTION,
  ADD CONSTRAINT `wo_id5` FOREIGN KEY (`work_on_id`) REFERENCES `work_on` (`id`) ON DELETE NO ACTION ON UPDATE NO ACTION;

--
-- Constraints for table `temp_payslip`
--
ALTER TABLE `temp_payslip`
  ADD CONSTRAINT `emp_id2` FOREIGN KEY (`emp_id`) REFERENCES `employee` (`id`) ON DELETE NO ACTION ON UPDATE SET NULL;

--
-- Constraints for table `users_groups`
--
ALTER TABLE `users_groups`
  ADD CONSTRAINT `fk_users_groups_groups1` FOREIGN KEY (`group_id`) REFERENCES `groups` (`id`) ON DELETE CASCADE ON UPDATE NO ACTION,
  ADD CONSTRAINT `fk_users_groups_users1` FOREIGN KEY (`user_id`) REFERENCES `users` (`id`) ON DELETE CASCADE ON UPDATE NO ACTION;

--
-- Constraints for table `work_on_rates`
--
ALTER TABLE `work_on_rates`
  ADD CONSTRAINT `wo_id6` FOREIGN KEY (`work_on_id`) REFERENCES `work_on` (`id`) ON DELETE NO ACTION ON UPDATE NO ACTION;

/*!40101 SET CHARACTER_SET_CLIENT=@OLD_CHARACTER_SET_CLIENT */;
/*!40101 SET CHARACTER_SET_RESULTS=@OLD_CHARACTER_SET_RESULTS */;
/*!40101 SET COLLATION_CONNECTION=@OLD_COLLATION_CONNECTION */;
